aadrienm1,Kimi ni Todoke*1,Lucky Star*5,No title*0,No title*0,Tonari no Kaibutsu-kun*4,
aallabush7s,Date a Live*3,Fruit Basket*2,Golden Time*4,Re:Zero kara Hajimeru Isekai Seikatsu*1,Yu-Gi-Oh*1,
aamyesgq,Angel Beats*2,Horimiya*5,
aandrieuxom,Boku no Hero Academia*2,No title*0,No title*0,Orange*3,Toradora*1,
aarunowiczps,Ao Haru Ride*3,No title*0,Pokemon*1,Weathering With You*2,
abaguleyik,Bakemonogatari*4,Masamune-Kun no Revenge*2,
aballchin2e,Charlotte*5,Jojo's Bizarre Adventure*2,Kill la Kill*1,Lucky Star*1,No title*0,Orange*3,Soul Eater*2,
abargejb,Ao Haru Ride*4,Kaguya-sama: Love is War*1,No title*0,Orange*1,Tonari no Kaibutsu-kun*5,
abarsono5,Accel World*3,Classroom of The Elite*4,Nagi no Asukara*2,No title*0,Wolf Children*5,
abecceraoe,Berserk*5,Fruit Basket*5,Gintama*4,Spy x Family*1,
abeebee2r,Accel World*4,Plastic Memories*4,Re:Zero kara Hajimeru Isekai Seikatsu*1,Spy x Family*1,Violet Evergarden*2,
abenito5u,One Piece*4,ReLife*3,Yu-Gi-Oh*5,No title*0,
abudibentgd,Berserk*4,High School DxD*1,No title*0,ReLife*2,Tonari no Kaibutsu-kun*4,
abulleynd0,Date a Live*4,No title*0,
acaistorah,Black Clover*2,Horimiya*3,Josee The Tiger and The Fish*3,Tokyo Ravens*4,
acallanderkc,Attack On Titan*3,Demon Slayer*2,Konosuba*3,Orange*5,Tonari no Kaibutsu-kun*5,
acampesqj,Accel World*2,Chuunibyou demo Koi ga Shitai*3,Golden Time*2,Naruto*2,Orange*1,Rakudai Kishi no Calvary*3,Spy x Family*3,Tonari no Kaibutsu-kun*1,
acasinfk,Oreagairu*3,Sword Art Online*3,Tonari no Kaibutsu-kun*1,No title*0,
acastanedai1,Bleach*4,Clannad*2,Demon Slayer*4,Jujutsu Kaisen*3,Masamune-Kun no Revenge*2,Noragami*2,No title*0,Tokyo Revengers*2,
acaullieremt,Bleach*1,Durarara*4,Fruit Basket*5,No Game No Life*4,
achetterf1,Fly Me to The Moon*1,Jojo's Bizarre Adventure*1,Plastic Memories*4,Wolf Children*4,
achinerye8,Anohana*3,Hunter x Hunter*3,Jojo's Bizarre Adventure*3,Kaguya-sama: Love is War*4,
aclamptonbi,Ao Haru Ride*2,Black Clover*4,Demon Slayer*4,Koe no Katachi: A Silent Voice*5,Mieruko-Chan*3,No title*0,No title*0,No title*0,No title*0,Rent a Girlfriend*4,Rent a Girlfriend*1,Tate no Yuusha no Nariagari*2,Wonder Egg Priority*5,
aclemettsl6,Boruto*1,Classroom of The Elite*4,Detective Conan*5,Detective Conan*5,Gotoubun no Hanayome*4,Initial D*1,Josee The Tiger and The Fish*1,Wolf Children*5,No title*0,Wonder Egg Priority*2,Your Lie in April*1,
acourteneyiu,Accel World*1,Initial D*2,No Game No Life*4,No Game No Life*4,One Piece*1,Wonder Egg Priority*5,
acowpermx,Kimi ni Todoke*1,
aderle31,Kill la Kill*4,Soul Eater*1,No title*0,
adewerbv,Charlotte*4,Date a Live*1,Koe no Katachi: A Silent Voice*3,
admisek69,Masamune-Kun no Revenge*1,Nagi no Asukara*5,Spy x Family*1,Weathering With You*5,
adobbin1q,Accel World*3,Blue Exorcist*5,Oreagairu*5,No title*0,ReLife*5,ReLife*5,Toradora*4,
adoev,Akagami ga Shirayuki Hime*3,Black Clover*4,Jujutsu Kaisen*4,My Dress Up Darling*5,My Dress Up Darling*5,Nisekoi*2,Oreagairu*1,No title*0,
aduff4l,Oreagairu*3,Tokyo Revengers*1,Violet Evergarden*1,Wolf Children*2,White Album 2*1,No title*0,
adulaken9,Ao Haru Ride*2,Bakemonogatari*1,Initial D*3,Kill la Kill*3,No title*0,Toradora*1,
adulsonfn,Akame ga Kill*1,Dragon Ball*1,
adumbarqo,Assassination Classroom*5,Koe no Katachi: A Silent Voice*4,Noragami*5,Psycho-Pass*3,
aeakley1c,Koe no Katachi: A Silent Voice*5,Orange*3,Tokyo Ghoul*1,
afaynefg,One Piece*3,Tonari no Kaibutsu-kun*1,
afenemoreaq,Boku no Hero Academia*3,Jojo's Bizarre Adventure*4,Masamune-Kun no Revenge*4,Masamune-Kun no Revenge*1,Weathering With You*1,
aferbrache39,Angel Beats*3,Guilty Crown*2,I Want to Eat Your Pancreas*5,Seishun Buta Yarou*1,
afidgin38,Charlotte*2,
afinlaysonkq,Berserk*4,Fly Me to The Moon*3,Koe no Katachi: A Silent Voice*5,Nisekoi*3,Nisekoi*3,No title*0,One Punch Man*1,Sword Art Online*2,No title*0,
afulmenkn,Bakemonogatari*3,Charlotte*5,Durarara*3,Darker than Black*2,Golden Time*4,Golden Time*2,No title*0,Yu-Gi-Oh*2,
agallichicciomq,Anohana*5,Lucky Star*2,
agolthorppe1,Date a Live*4,Josee The Tiger and The Fish*5,No Game No Life*5,No title*0,Pokemon*5,Tate no Yuusha no Nariagari*1,Violet Evergarden*5,Wolf Children*1,
agothrup49,Hunter x Hunter*1,Initial D*1,
agowmanga,Clannad*2,Dragon Ball*5,Kimi ni Todoke*2,My Dress Up Darling*4,Tomodachi Game*3,Tomodachi Game*3,Wolf Children*5,Your Lie in April*4,
agremain2y,Gotoubun no Hanayome*1,Horimiya*4,Josee The Tiger and The Fish*1,One Piece*5,Seishun Buta Yarou*2,
agrewarak,Boku no Hero Academia*4,Re:Zero kara Hajimeru Isekai Seikatsu*2,
ahirtzmann83,Chuunibyou demo Koi ga Shitai*1,Golden Time*1,Kimi ni Todoke*2,The Pet Girl of Sakurasou*1,
ahuckerbej9,Anohana*5,Date a Live*3,Kill la Kill*1,My Dress Up Darling*1,Orange*4,
akayner8,Jujutsu Kaisen*1,Re:Zero kara Hajimeru Isekai Seikatsu*5,
akohnemannhu,Golden Time*2,Seishun Buta Yarou*4,Tsuki ga Kirei*3,Your Name*4,
alammers6q,Blue Exorcist*5,High School DxD*3,Initial D*5,Nisekoi*5,Nisekoi*4,Orange*1,Plastic Memories*5,
amacdermott1r,Akame ga Kill*3,
amayfield7r,Anohana*3,Bleach*3,Demon Slayer*1,I Want to Eat Your Pancreas*3,Nisekoi*2,Nisekoi*2,No title*0,Soul Eater*3,Tonari no Kaibutsu-kun*4,Tonari no Kaibutsu-kun*5,
amcmanusj5,Black Clover*3,Date a Live*4,Hunter x Hunter*4,Hunter x Hunter*5,Spy x Family*1,Tokyo Ghoul*1,White Album 2*4,
amcquillannm,Kimi ni Todoke*1,Psycho-Pass*2,Toradora*3,
amcritchieea,Blue Exorcist*3,Blue Exorcist*5,Darker than Black*1,Golden Time*5,Rent a Girlfriend*1,Tokyo Ghoul*4,White Album 2*2,
amounterjr,Black Clover*5,Chuunibyou demo Koi ga Shitai*4,My Dress Up Darling*1,Psycho-Pass*4,Psycho-Pass*4,Spy x Family*4,
amunn52,Gintama*3,Horimiya*3,Lucky Star*1,Re:Zero kara Hajimeru Isekai Seikatsu*4,No title*0,Spy x Family*4,Tomodachi Game*3,
amurrishk7,Lucky Star*2,Sword Art Online*1,Toradora*5,
aormebd,Angel Beats*2,Boku no Hero Academia*1,Classroom of The Elite*1,Demon Slayer*3,Fairy Tail*4,Konosuba*4,No title*0,
aosmentof,Berserk*4,Detective Conan*2,Kimi ni Todoke*3,Orange*2,
apaviour9r,Akame ga Kill*3,Boku no Hero Academia*1,No Game No Life*1,Re:Zero kara Hajimeru Isekai Seikatsu*1,Tate no Yuusha no Nariagari*4,
apeirone3n,Lucky Star*4,Noragami*4,Toradora*5,
apendrykt,Date a Live*2,Hunter x Hunter*1,ReLife*4,Your Lie in April*3,
apieter25,Detective Conan*2,Masamune-Kun no Revenge*5,Sword Art Online*2,Tate no Yuusha no Nariagari*5,Wonder Egg Priority*2,
apirolinipo,Classroom of The Elite*1,Fly Me to The Moon*5,I Want to Eat Your Pancreas*3,Josee The Tiger and The Fish*4,One Piece*1,
apladen40,Nisekoi*3,
aquerneldk,Your Lie in April*1,
arayltonqb,Fairy Tail*3,Gotoubun no Hanayome*2,I Want to Eat Your Pancreas*4,Kill la Kill*4,Tsuki ga Kirei*5,No title*0,
ariplye2,Ao Haru Ride*4,Berserk*5,Classroom of The Elite*5,Classroom of The Elite*1,Mieruko-Chan*5,
aruane4e,Ao Haru Ride*3,Guilty Crown*5,Hunter x Hunter*1,Josee The Tiger and The Fish*5,Konosuba*5,Konosuba*5,No Game No Life*5,Tokyo Ghoul*1,
asaffell7e,Black Clover*4,Gotoubun no Hanayome*2,High School DxD*2,Naruto*2,Violet Evergarden*4,Wonder Egg Priority*4,
asaintepauloa,Berserk*3,K-On*5,No title*0,Orange*4,Psycho-Pass*4,Your Name*3,
asalack58,Akame ga Kill*2,Boku no Hero Academia*5,Initial D*5,Pokemon*1,Tate no Yuusha no Nariagari*2,Your Name*5,
asanctorp,Accel World*3,Boku no Hero Academia*4,I Want to Eat Your Pancreas*4,I Want to Eat Your Pancreas*3,My Dress Up Darling*3,
ascaneg4,Boruto*4,Chuunibyou demo Koi ga Shitai*5,Chuunibyou demo Koi ga Shitai*5,Mieruko-Chan*2,No Game No Life*4,No Game No Life*4,One Piece*2,Sword Art Online*4,Tomodachi Game*2,
asennetto6,Angel Beats*3,Charlotte*5,Kimi ni Todoke*1,Psycho-Pass*2,Tonari no Kaibutsu-kun*2,
ashearn47,I Want to Eat Your Pancreas*4,Jujutsu Kaisen*3,Koe no Katachi: A Silent Voice*3,No Game No Life*3,No title*0,Pokemon*1,Tonari no Kaibutsu-kun*3,
asibsonll,Berserk*1,Clannad*3,Detective Conan*4,Detective Conan*1,Jujutsu Kaisen*1,Konosuba*2,No title*0,
asiddeley19,Akame ga Kill*5,Plastic Memories*3,Rent a Girlfriend*1,
asimpkinsfv,Berserk*3,Demon Slayer*3,Horimiya*1,Josee The Tiger and The Fish*4,No title*0,Noragami*5,No title*0,Tokyo Revengers*3,Tokyo Revengers*3,Wonder Egg Priority*2,
asouthard33,Dragon Ball*1,Tsuki ga Kirei*2,
aspiviect,Assassination Classroom*3,Classroom of The Elite*5,Golden Time*2,Josee The Tiger and The Fish*3,
astreathergg,Gotoubun no Hanayome*4,Psycho-Pass*1,Seishun Buta Yarou*5,
atankin9z,Black Clover*4,Clannad*5,Durarara*3,Naruto*3,Rent a Girlfriend*3,Tokyo Ravens*1,No title*0,
ateapero,Durarara*5,K-On*1,Tonari no Kaibutsu-kun*2,White Album 2*2,
atinhaml8,Bleach*2,Naruto*2,Tokyo Revengers*3,Your Lie in April*5,
atomankiewicz3w,Angel Beats*3,Gotoubun no Hanayome*3,Initial D*5,Nisekoi*2,Violet Evergarden*5,White Album 2*3,
atomasmh,Assassination Classroom*3,Bakemonogatari*4,Chuunibyou demo Koi ga Shitai*4,Konosuba*2,Oreagairu*1,Tsuki ga Kirei*5,Tsuki ga Kirei*4,Wonder Egg Priority*3,Your Name*5,
atreadwelln5,Demon Slayer*5,Masamune-Kun no Revenge*1,No title*0,Tokyo Ravens*4,Tokyo Revengers*5,Yu-Gi-Oh*2,
awelberry5i,Demon Slayer*1,Gotoubun no Hanayome*4,Plastic Memories*2,Tokyo Ravens*1,Wolf Children*3,
awhitebrookki,Lucky Star*2,Pokemon*2,Rent a Girlfriend*4,Soul Eater*2,
awhittermy,Ao Haru Ride*1,Guilty Crown*5,Jujutsu Kaisen*5,
awing45,Bakemonogatari*2,Golden Time*3,No title*0,One Punch Man*2,
awiszniewskipf,Boku no Hero Academia*1,Clannad*2,Detective Conan*5,
awoodrow6g,Accel World*4,Gotoubun no Hanayome*4,Gotoubun no Hanayome*2,Hunter x Hunter*3,Koe no Katachi: A Silent Voice*5,No title*0,No title*0,Tonari no Kaibutsu-kun*5,
awykes3y,Bleach*3,Dragon Ball*2,Gotoubun no Hanayome*1,Gotoubun no Hanayome*1,Nagi no Asukara*5,No title*0,The Pet Girl of Sakurasou*3,
babbot1d,Accel World*5,Bakemonogatari*3,Josee The Tiger and The Fish*2,K-On*3,One Punch Man*1,Spy x Family*2,Tonari no Kaibutsu-kun*2,
badessem,Dragon Ball*4,High School DxD*4,Jujutsu Kaisen*4,Soul Eater*5,
balwell5s,Mieruko-Chan*2,Seishun Buta Yarou*5,
bantrack4,ReLife*5,Violet Evergarden*5,
bbagnall1w,Accel World*4,Darling in Franxx*4,Nisekoi*4,No title*0,Tonari no Kaibutsu-kun*2,
bbedhamja,Akame ga Kill*1,Date a Live*3,Jojo's Bizarre Adventure*5,Tsuki ga Kirei*5,
bbennitbe,Angel Beats*5,Berserk*1,Initial D*3,Josee The Tiger and The Fish*4,My Dress Up Darling*2,Spy x Family*5,Tsuki ga Kirei*1,No title*0,
bbentjens2f,Bakemonogatari*3,Clannad*5,Kaguya-sama: Love is War*3,Naruto*2,Wonder Egg Priority*4,
bberndo,Durarara*1,Horimiya*1,Konosuba*2,No title*0,Your Lie in April*3,
bbinnion9a,Angel Beats*5,Bakemonogatari*1,Tomodachi Game*4,
bbraddock8k,Kimi ni Todoke*2,My Dress Up Darling*3,Noragami*3,No title*0,One Piece*1,Rent a Girlfriend*2,Wonder Egg Priority*1,Yu-Gi-Oh*4,
bbrunroth6p,Date a Live*4,Gotoubun no Hanayome*3,Konosuba*3,Masamune-Kun no Revenge*2,Plastic Memories*1,Re:Zero kara Hajimeru Isekai Seikatsu*5,White Album 2*5,
bcurmkp,Classroom of The Elite*1,Demon Slayer*1,Plastic Memories*4,Your Lie in April*3,
bdundonpj,Josee The Tiger and The Fish*2,Masamune-Kun no Revenge*3,No Game No Life*1,No title*0,Tokyo Ravens*2,Violet Evergarden*2,Your Lie in April*1,
beshmadeqs,Angel Beats*2,Boruto*2,Boruto*2,Gintama*1,Wonder Egg Priority*2,Your Lie in April*2,
betteras,Lucky Star*5,One Punch Man*1,Tomodachi Game*1,
bfagence4k,Josee The Tiger and The Fish*3,Soul Eater*2,Tokyo Ghoul*3,
bferonethy,Gotoubun no Hanayome*2,Noragami*2,No title*0,Tate no Yuusha no Nariagari*1,White Album 2*5,Yu-Gi-Oh*3,
bgealycm,Fly Me to The Moon*3,Masamune-Kun no Revenge*2,
bgebbeoy,Boruto*1,Charlotte*3,Dragon Ball*5,Gotoubun no Hanayome*2,Masamune-Kun no Revenge*3,Tsuki ga Kirei*5,Wonder Egg Priority*4,Wonder Egg Priority*3,
bgethyn2b,Berserk*5,Fairy Tail*4,Kill la Kill*2,No title*0,Tonari no Kaibutsu-kun*4,Your Name*5,
bgirdwood9i,Akagami ga Shirayuki Hime*3,Guilty Crown*2,Lucky Star*4,No title*0,
bgolbournl5,Blue Exorcist*3,Classroom of The Elite*2,I Want to Eat Your Pancreas*1,Jojo's Bizarre Adventure*1,
bgoozeeeo,Bleach*2,Guilty Crown*2,Initial D*4,Oreagairu*2,
bgravells9k,Rakudai Kishi no Calvary*3,
bguilloudne,Assassination Classroom*5,Classroom of The Elite*1,Josee The Tiger and The Fish*3,No title*0,Soul Eater*5,Your Name*3,
bguwerez,Bakemonogatari*1,No title*0,Wolf Children*3,
bheddanqk,Akagami ga Shirayuki Hime*3,Classroom of The Elite*2,Classroom of The Elite*2,Golden Time*2,Initial D*2,No title*0,Tokyo Revengers*2,
bhenrych5o,Demon Slayer*4,Fairy Tail*1,Jojo's Bizarre Adventure*4,Koe no Katachi: A Silent Voice*2,Masamune-Kun no Revenge*4,Nisekoi*1,No title*0,Wolf Children*5,Your Lie in April*2,
bhindrichap,Josee The Tiger and The Fish*5,Konosuba*1,Noragami*5,No title*0,
bjaneczek77,Akame ga Kill*3,Bleach*2,Classroom of The Elite*1,Detective Conan*2,Kill la Kill*2,Toradora*2,Toradora*2,Weathering With You*2,
bjephcott10,Akagami ga Shirayuki Hime*2,Dragon Ball*2,No Game No Life*5,No Game No Life*2,Weathering With You*4,
bkershawj0,Akame ga Kill*3,Bakemonogatari*3,Dragon Ball*1,No Game No Life*1,White Album 2*5,
bkilduffal,Ao Haru Ride*5,Bakemonogatari*2,Hunter x Hunter*3,No title*0,
bkimmingsca,Berserk*2,Hunter x Hunter*2,Josee The Tiger and The Fish*3,Josee The Tiger and The Fish*2,Weathering With You*5,Your Name*2,
blocksley5d,Akame ga Kill*1,Bleach*3,Guilty Crown*5,
bmacclintonen,Berserk*5,Darling in Franxx*3,Mieruko-Chan*4,ReLife*2,Your Lie in April*3,
bmalyanob,Fruit Basket*1,Jujutsu Kaisen*5,Jujutsu Kaisen*5,Koe no Katachi: A Silent Voice*1,Oreagairu*4,Soul Eater*2,
bpaullhd,Anohana*3,Blue Exorcist*3,Detective Conan*1,Detective Conan*1,No title*0,Spy x Family*3,Wolf Children*2,
bpetryai,Bleach*3,Jujutsu Kaisen*2,No title*0,Soul Eater*5,Violet Evergarden*3,
bpottellge,Anohana*2,Durarara*2,Fly Me to The Moon*2,Jujutsu Kaisen*3,Koe no Katachi: A Silent Voice*2,Mieruko-Chan*3,Orange*2,Re:Zero kara Hajimeru Isekai Seikatsu*4,Sword Art Online*4,Tokyo Ghoul*1,
bpurcerkj,Initial D*4,
braywood44,Boruto*2,Nagi no Asukara*4,Plastic Memories*4,
brobet2x,Classroom of The Elite*4,Detective Conan*3,Orange*5,White Album 2*5,
brollasonnt,Bleach*1,Initial D*1,
bsanger6x,Accel World*1,Oreagairu*1,Pokemon*3,Tokyo Ravens*5,
bschaffelia,Blue Exorcist*2,Fairy Tail*4,High School DxD*5,Kimi ni Todoke*4,Tokyo Ravens*2,White Album 2*2,Yu-Gi-Oh*5,
bstarkey6v,Tokyo Ghoul*5,No title*0,Violet Evergarden*5,
btavernergb,Detective Conan*3,Kill la Kill*5,Tomodachi Game*2,
burpethb5,Attack On Titan*1,Boruto*1,Boruto*1,Date a Live*3,Fairy Tail*2,Gintama*1,No title*0,No title*0,No title*0,Rakudai Kishi no Calvary*1,
bvasilyevskicd,Horimiya*5,Noragami*3,One Piece*5,
bvosselw,Bakemonogatari*2,Charlotte*2,Gotoubun no Hanayome*3,Masamune-Kun no Revenge*1,Nisekoi*4,No title*0,Oreagairu*1,Psycho-Pass*4,
carrob0,Accel World*1,Boruto*2,Fairy Tail*4,Fairy Tail*1,Golden Time*2,Hunter x Hunter*1,Jojo's Bizarre Adventure*2,Lucky Star*3,No title*0,Yu-Gi-Oh*2,
cartissg9,Chuunibyou demo Koi ga Shitai*1,High School DxD*2,Konosuba*2,Weathering With You*2,
cbalazotkk,Darker than Black*2,Date a Live*1,Fly Me to The Moon*5,High School DxD*3,No title*0,No title*0,Toradora*1,
cbecksf7,Akagami ga Shirayuki Hime*2,Blue Exorcist*3,Black Clover*5,Konosuba*2,Konosuba*2,Naruto*4,No title*0,One Punch Man*1,Seishun Buta Yarou*3,Tokyo Revengers*1,
cbeddinghamkw,Detective Conan*1,Fruit Basket*2,Gotoubun no Hanayome*3,Jujutsu Kaisen*1,No Game No Life*4,No Game No Life*2,Pokemon*2,Soul Eater*5,Tonari no Kaibutsu-kun*1,
cbelsherkb,Boku no Hero Academia*4,Fairy Tail*1,Guilty Crown*3,Josee The Tiger and The Fish*2,My Dress Up Darling*1,Soul Eater*4,Toradora*5,Your Name*2,
cbigmorehe,Durarara*4,I Want to Eat Your Pancreas*2,Plastic Memories*4,
cbisson4b,Attack On Titan*1,Attack On Titan*3,Durarara*5,Jojo's Bizarre Adventure*2,No title*0,Toradora*1,
cblann78,One Piece*4,Spy x Family*2,
cbonettdw,Anohana*2,Durarara*1,Durarara*1,Golden Time*3,I Want to Eat Your Pancreas*2,Naruto*2,No title*0,Rent a Girlfriend*5,Soul Eater*4,
cbriddockg1,Blue Exorcist*2,Classroom of The Elite*4,Dragon Ball*4,Kimi ni Todoke*4,No title*0,
cbridgensbb,Anohana*5,Boku no Hero Academia*2,Konosuba*5,Mieruko-Chan*5,Oreagairu*5,No title*0,
cbrownef,Akagami ga Shirayuki Hime*5,Classroom of The Elite*2,Plastic Memories*5,Tomodachi Game*4,Weathering With You*4,Your Name*4,
cburfoot4a,Hunter x Hunter*1,Initial D*3,My Dress Up Darling*2,Psycho-Pass*4,Violet Evergarden*4,
cburgerou,Anohana*2,Darker than Black*4,Jujutsu Kaisen*1,Kimi ni Todoke*4,Naruto*1,No title*0,Rent a Girlfriend*1,Seishun Buta Yarou*1,
cconforthk,Accel World*5,Black Clover*3,Fly Me to The Moon*5,My Dress Up Darling*4,Nisekoi*5,Your Lie in April*2,
ccoppinsin,Fairy Tail*5,No title*0,Re:Zero kara Hajimeru Isekai Seikatsu*1,No title*0,
ccorser9g,Assassination Classroom*5,Clannad*2,Durarara*3,Durarara*3,Durarara*3,Horimiya*4,No Game No Life*2,Your Lie in April*2,
cdaubenygw,Black Clover*5,Darker than Black*4,Golden Time*3,No title*0,One Piece*4,Pokemon*4,Tsuki ga Kirei*5,
cderill1i,Gintama*3,Nisekoi*1,Rakudai Kishi no Calvary*3,Tokyo Ravens*1,Tokyo Ravens*1,Yu-Gi-Oh*1,
cderingtonpe,Tokyo Ghoul*2,
cdimeoc2,Golden Time*3,Horimiya*4,Konosuba*1,No title*0,
cdumbare3a,Tate no Yuusha no Nariagari*2,Your Name*4,
cdymidowicz5,Ao Haru Ride*1,Boruto*4,Boruto*4,Date a Live*2,Fairy Tail*1,Fairy Tail*5,K-On*4,One Piece*2,White Album 2*1,
cearielu,Kaguya-sama: Love is War*3,Masamune-Kun no Revenge*3,Your Lie in April*5,
cedlington5b,Konosuba*1,My Dress Up Darling*2,No Game No Life*2,One Punch Man*3,Plastic Memories*3,ReLife*3,Spy x Family*4,Wonder Egg Priority*4,
celleswortheil,Dragon Ball*1,Fairy Tail*2,Mieruko-Chan*1,No title*0,Plastic Memories*4,Tokyo Revengers*2,
ceveralqa,Berserk*3,Chuunibyou demo Koi ga Shitai*5,Date a Live*2,Gintama*1,No title*0,Your Name*4,
cfeld6y,Violet Evergarden*1,
cfetherstonhaugh6u,Psycho-Pass*5,Tokyo Ghoul*3,
cfollis7c,Boku no Hero Academia*5,Charlotte*5,One Piece*3,ReLife*5,
cfreex,Berserk*5,Detective Conan*5,K-On*5,My Dress Up Darling*3,No title*0,No title*0,No title*0,Plastic Memories*2,Tonari no Kaibutsu-kun*2,
cgaucheh4,Clannad*1,Detective Conan*1,High School DxD*2,K-On*2,Toradora*1,Tonari no Kaibutsu-kun*1,No title*0,
cgodspedejh,Boku no Hero Academia*4,Clannad*3,Darling in Franxx*4,Naruto*2,
cguerrierha,Gintama*4,
charlingg6,Accel World*3,Black Clover*3,Darker than Black*3,Guilty Crown*4,Tomodachi Game*4,No title*0,
cillingat,Chuunibyou demo Koi ga Shitai*4,Durarara*4,Durarara*4,I Want to Eat Your Pancreas*1,Lucky Star*2,No title*0,Soul Eater*5,Tokyo Revengers*3,Tokyo Revengers*3,Tomodachi Game*4,
cimlenm,Accel World*1,Koe no Katachi: A Silent Voice*2,No title*0,Tokyo Ghoul*5,Tokyo Ghoul*5,Tokyo Ravens*3,
cjendrach7q,Darling in Franxx*4,Fly Me to The Moon*4,
cjonsonlj,High School DxD*5,Josee The Tiger and The Fish*1,Koe no Katachi: A Silent Voice*2,Noragami*2,One Punch Man*5,No title*0,
cjosseh9,Angel Beats*3,White Album 2*3,
ckeherew,Black Clover*2,Chuunibyou demo Koi ga Shitai*2,Horimiya*4,Konosuba*3,Lucky Star*1,Nagi no Asukara*3,Plastic Memories*3,Rakudai Kishi no Calvary*1,Yu-Gi-Oh*4,
cketley22,Detective Conan*5,Mieruko-Chan*3,Noragami*1,
ckibbe2m,Angel Beats*4,Fruit Basket*2,Gintama*3,Tsuki ga Kirei*3,Weathering With You*1,
ckingsworthrb,Charlotte*4,Durarara*2,Seishun Buta Yarou*4,Tonari no Kaibutsu-kun*5,White Album 2*3,
cklulicek9s,Anohana*2,My Dress Up Darling*5,No Game No Life*2,No title*0,Wonder Egg Priority*1,
cleidlf6,High School DxD*1,Koe no Katachi: A Silent Voice*2,No Game No Life*1,No title*0,
cloverockds,Bleach*4,Darker than Black*3,Gotoubun no Hanayome*2,Gotoubun no Hanayome*1,No title*0,No title*0,Tonari no Kaibutsu-kun*3,Tsuki ga Kirei*1,Violet Evergarden*1,Wolf Children*2,
cmartenod,Naruto*1,Psycho-Pass*1,Re:Zero kara Hajimeru Isekai Seikatsu*1,
cmcelvinelm,Classroom of The Elite*2,High School DxD*2,Nisekoi*1,
cmcmennumdc,Attack On Titan*1,Boku no Hero Academia*5,Fly Me to The Moon*5,Hunter x Hunter*4,Kaguya-sama: Love is War*1,Lucky Star*4,No title*0,Orange*2,Toradora*1,
cmillimoe3x,Clannad*5,Durarara*3,Tonari no Kaibutsu-kun*2,
cmonelli68,Kaguya-sama: Love is War*4,Masamune-Kun no Revenge*4,
cmoyer3u,Angel Beats*2,Chuunibyou demo Koi ga Shitai*2,Gintama*1,Jujutsu Kaisen*4,Jujutsu Kaisen*1,Koe no Katachi: A Silent Voice*5,Lucky Star*2,Orange*3,Soul Eater*1,Tokyo Revengers*5,
cmuckleston8u,Angel Beats*2,Bakemonogatari*1,Charlotte*3,Fruit Basket*1,High School DxD*3,Initial D*3,Kimi ni Todoke*2,No title*0,White Album 2*2,
cpalke92,Akagami ga Shirayuki Hime*5,Koe no Katachi: A Silent Voice*4,
cparadin8f,Berserk*5,Durarara*4,Josee The Tiger and The Fish*3,Mieruko-Chan*4,No title*0,Pokemon*3,
cpettsmf,Assassination Classroom*5,Bleach*5,White Album 2*1,White Album 2*4,
cpickersaila4,Black Clover*1,Hunter x Hunter*4,No title*0,
crenaklg,Ao Haru Ride*5,Charlotte*5,Charlotte*5,Charlotte*3,Initial D*4,Josee The Tiger and The Fish*3,No title*0,Tsuki ga Kirei*4,Tsuki ga Kirei*4,Yu-Gi-Oh*4,
cridingkm,Blue Exorcist*4,Fairy Tail*1,Gotoubun no Hanayome*2,I Want to Eat Your Pancreas*1,
cscatchard9m,Naruto*2,Psycho-Pass*3,Toradora*1,White Album 2*3,
csclanders4n,K-On*2,
cscoone8w,Darker than Black*3,Hunter x Hunter*3,No Game No Life*1,No title*0,Tokyo Revengers*1,
cscouse1n,Accel World*3,Assassination Classroom*4,Darling in Franxx*2,Fruit Basket*4,Initial D*4,K-On*5,No Game No Life*3,No title*0,Sword Art Online*3,The Pet Girl of Sakurasou*2,
cscrogges1u,Anohana*1,Dragon Ball*3,Fairy Tail*1,Gotoubun no Hanayome*2,No title*0,Tonari no Kaibutsu-kun*2,Violet Evergarden*4,Violet Evergarden*3,Yu-Gi-Oh*4,No title*0,
cshovlinhf,Fly Me to The Moon*4,Sword Art Online*3,Tonari no Kaibutsu-kun*4,Violet Evergarden*2,
cskinglen2,Akame ga Kill*3,Bleach*3,Bleach*3,Fairy Tail*3,Guilty Crown*2,Guilty Crown*2,High School DxD*5,Josee The Tiger and The Fish*3,Koe no Katachi: A Silent Voice*2,No title*0,Tonari no Kaibutsu-kun*4,Tonari no Kaibutsu-kun*4,Violet Evergarden*1,
cspellward2t,Initial D*5,Jojo's Bizarre Adventure*3,Rent a Girlfriend*3,Toradora*2,Toradora*2,Wolf Children*5,
cspurret9w,Classroom of The Elite*4,Konosuba*2,No title*0,
csqueersbx,Boku no Hero Academia*5,Horimiya*3,Psycho-Pass*4,Rakudai Kishi no Calvary*4,
cstolbergerit,Charlotte*2,Gotoubun no Hanayome*5,Kaguya-sama: Love is War*5,My Dress Up Darling*1,No title*0,Rakudai Kishi no Calvary*2,
cswalwelllb,Anohana*5,Blue Exorcist*2,Koe no Katachi: A Silent Voice*4,Mieruko-Chan*1,No title*0,No title*0,Tonari no Kaibutsu-kun*3,Tonari no Kaibutsu-kun*3,Tonari no Kaibutsu-kun*3,Violet Evergarden*4,
cthurlborn53,Classroom of The Elite*1,Hunter x Hunter*5,My Dress Up Darling*1,Oreagairu*3,No title*0,Pokemon*3,Yu-Gi-Oh*5,
ctranterg5,Ao Haru Ride*1,Kaguya-sama: Love is War*5,Plastic Memories*5,Seishun Buta Yarou*5,
cturbardfs,Mieruko-Chan*5,
cvahlqq,Boruto*4,Detective Conan*4,Guilty Crown*5,High School DxD*1,Kill la Kill*5,No title*0,Sword Art Online*3,Tokyo Ghoul*1,White Album 2*4,Your Lie in April*2,
cveldecb,Blue Exorcist*4,Kill la Kill*2,Kill la Kill*2,Lucky Star*2,Rakudai Kishi no Calvary*4,Your Name*4,
cverey1,Angel Beats*1,Chuunibyou demo Koi ga Shitai*5,Demon Slayer*1,Demon Slayer*4,Psycho-Pass*5,Toradora*1,No title*0,
cwacerg,Akagami ga Shirayuki Hime*3,Boku no Hero Academia*2,Clannad*5,Detective Conan*5,High School DxD*2,Mieruko-Chan*5,Nisekoi*5,Orange*1,Seishun Buta Yarou*3,Tokyo Ravens*1,
cwaszczyk8s,Orange*3,ReLife*2,Wolf Children*2,
cworkmancc,Akame ga Kill*5,Kaguya-sama: Love is War*2,One Punch Man*5,
cyarnleycz,Attack On Titan*5,Boruto*4,Blue Exorcist*5,Dragon Ball*2,Guilty Crown*1,Hunter x Hunter*2,Noragami*4,No title*0,Tokyo Ghoul*4,Weathering With You*4,
czaninipd,Akagami ga Shirayuki Hime*5,Dragon Ball*1,Fly Me to The Moon*1,Koe no Katachi: A Silent Voice*2,Nagi no Asukara*2,Tsuki ga Kirei*2,
dalexsandrovfq,Berserk*5,Chuunibyou demo Koi ga Shitai*4,Fruit Basket*1,Horimiya*2,Sword Art Online*5,
dalredpv,Boku no Hero Academia*2,Kill la Kill*4,ReLife*4,
dandrzejczakbt,Berserk*4,Chuunibyou demo Koi ga Shitai*3,Gotoubun no Hanayome*3,Jojo's Bizarre Adventure*3,My Dress Up Darling*1,Rakudai Kishi no Calvary*2,Yu-Gi-Oh*2,No title*0,
dbarthroph2,One Piece*1,Toradora*1,White Album 2*3,
dberthelmotf5,Gintama*5,Konosuba*3,Masamune-Kun no Revenge*2,Oreagairu*2,Plastic Memories*2,Soul Eater*2,Tomodachi Game*4,White Album 2*1,No title*0,
dblythema,Akagami ga Shirayuki Hime*2,Classroom of The Elite*1,Jojo's Bizarre Adventure*4,Lucky Star*1,Plastic Memories*1,Tomodachi Game*3,No title*0,
dboodell6n,Black Clover*1,No title*0,Plastic Memories*3,
dbothramh3,Charlotte*5,Guilty Crown*3,No title*0,Toradora*1,
dbulluckb6,Bakemonogatari*3,Fairy Tail*4,Jojo's Bizarre Adventure*4,Koe no Katachi: A Silent Voice*1,Nagi no Asukara*1,Spy x Family*4,Tonari no Kaibutsu-kun*3,
dcawsjq,Dragon Ball*4,Jojo's Bizarre Adventure*1,No Game No Life*5,No title*0,One Punch Man*5,Spy x Family*4,
dchese86,Bakemonogatari*3,Detective Conan*3,Initial D*4,Oreagairu*5,ReLife*5,Wonder Egg Priority*2,
dchrestiendu,Chuunibyou demo Koi ga Shitai*1,Fly Me to The Moon*1,Kimi ni Todoke*5,My Dress Up Darling*2,Orange*4,Tokyo Revengers*2,Your Lie in April*3,
dclausbp,Guilty Crown*5,Hunter x Hunter*4,Kill la Kill*1,Mieruko-Chan*2,Mieruko-Chan*2,No title*0,No title*0,No title*0,Psycho-Pass*2,ReLife*4,
dcollumk0,Guilty Crown*3,Initial D*5,K-On*4,Tokyo Revengers*3,Wolf Children*4,
ddebankepr,Akagami ga Shirayuki Hime*5,Noragami*4,Orange*5,
ddeloseg,Charlotte*1,Charlotte*3,Lucky Star*5,Mieruko-Chan*3,One Punch Man*3,Tokyo Revengers*4,No title*0,Wonder Egg Priority*2,
dduchart29,Black Clover*2,Kaguya-sama: Love is War*2,No Game No Life*3,Tonari no Kaibutsu-kun*5,Tokyo Ghoul*2,No title*0,Violet Evergarden*1,
ddunge2a,Darling in Franxx*3,I Want to Eat Your Pancreas*4,My Dress Up Darling*3,No Game No Life*2,Rent a Girlfriend*1,Violet Evergarden*2,
dfernane,Berserk*3,No title*0,One Punch Man*5,Wolf Children*1,
dfurnissb1,Naruto*5,Tomodachi Game*3,No title*0,White Album 2*3,No title*0,
dgrisbrook50,Angel Beats*1,Black Clover*4,Darling in Franxx*1,Fairy Tail*2,Hunter x Hunter*1,Psycho-Pass*3,
dhefnerhi,Ao Haru Ride*3,Mieruko-Chan*3,Your Lie in April*4,
dhirschmannl2,Black Clover*5,Gintama*5,Josee The Tiger and The Fish*3,
dhursey57,Bakemonogatari*5,Nisekoi*1,
dindruchoh,Gotoubun no Hanayome*3,Mieruko-Chan*1,Naruto*4,Plastic Memories*4,Rakudai Kishi no Calvary*1,The Pet Girl of Sakurasou*2,Wolf Children*3,
djosilevich70,Charlotte*3,Orange*1,Tonari no Kaibutsu-kun*4,Weathering With You*3,
dkeymer6b,Ao Haru Ride*3,K-On*3,
dkidney4x,Akame ga Kill*3,Tokyo Revengers*1,
dkilbridejn,Charlotte*5,K-On*5,No title*0,Sword Art Online*4,
dlevickj1,Attack On Titan*4,Dragon Ball*1,Nisekoi*4,Rent a Girlfriend*2,No title*0,
dmacarthurq4,Accel World*2,Charlotte*1,Kaguya-sama: Love is War*4,My Dress Up Darling*5,Re:Zero kara Hajimeru Isekai Seikatsu*3,Sword Art Online*3,Wonder Egg Priority*3,
dmacavddya5,Golden Time*5,Konosuba*5,No title*0,Tonari no Kaibutsu-kun*5,
dmaddoxjm,Masamune-Kun no Revenge*4,Plastic Memories*5,Violet Evergarden*5,Weathering With You*2,
dmarquandfo,Berserk*4,No Game No Life*4,
dmeaddowcroftcj,Blue Exorcist*4,Jujutsu Kaisen*5,Mieruko-Chan*1,ReLife*2,Violet Evergarden*4,
dmessiterfh,Anohana*3,Blue Exorcist*3,Kimi ni Todoke*3,No Game No Life*1,Tonari no Kaibutsu-kun*5,
dmicco1o,Fly Me to The Moon*1,Guilty Crown*4,Rent a Girlfriend*2,Toradora*4,Wolf Children*1,
dmongetmm,Angel Beats*5,I Want to Eat Your Pancreas*1,
dorwinpn,Masamune-Kun no Revenge*5,
dpardyfm,Bakemonogatari*5,K-On*4,
dpettiejy,Fly Me to The Moon*3,Gotoubun no Hanayome*1,No title*0,
draimanh7,Bleach*3,Chuunibyou demo Koi ga Shitai*5,No title*0,Toradora*1,
droberti2k,Gotoubun no Hanayome*5,Jojo's Bizarre Adventure*5,No title*0,No title*0,ReLife*5,No title*0,Rakudai Kishi no Calvary*4,Spy x Family*3,Tate no Yuusha no Nariagari*3,Toradora*5,Wonder Egg Priority*4,
drogisterl,Attack On Titan*5,Kimi ni Todoke*4,One Punch Man*3,Tsuki ga Kirei*2,Weathering With You*4,
droscam5n,Darling in Franxx*5,Horimiya*3,
druberryiy,Tokyo Revengers*1,Your Lie in April*3,
dsangwinek4,Akagami ga Shirayuki Hime*1,Golden Time*3,Masamune-Kun no Revenge*4,Noragami*1,No title*0,ReLife*3,No title*0,Tokyo Ravens*4,Your Name*5,
dsnadden5r,Detective Conan*5,Lucky Star*3,One Piece*4,Your Name*1,
dstaley2u,Gintama*3,I Want to Eat Your Pancreas*5,Re:Zero kara Hajimeru Isekai Seikatsu*5,
dthelwlldg,Ao Haru Ride*1,Chuunibyou demo Koi ga Shitai*5,Demon Slayer*4,Golden Time*1,High School DxD*1,I Want to Eat Your Pancreas*4,Lucky Star*2,Tomodachi Game*5,No title*0,
dtivenanbl,Akagami ga Shirayuki Hime*3,Konosuba*1,
dtomeoam,Initial D*5,Kill la Kill*4,Nagi no Asukara*2,Seishun Buta Yarou*3,White Album 2*4,
dtooth3b,Fruit Basket*2,Koe no Katachi: A Silent Voice*1,Pokemon*3,Tokyo Revengers*4,
dtuplin3p,Bleach*5,Kill la Kill*4,No title*0,Your Lie in April*4,
dverry2o,Charlotte*4,Guilty Crown*1,Horimiya*4,Initial D*5,My Dress Up Darling*3,Oreagairu*5,Oreagairu*1,Psycho-Pass*2,Sword Art Online*2,Tsuki ga Kirei*2,
dwoltongk,Akagami ga Shirayuki Hime*5,Fairy Tail*5,Hunter x Hunter*4,The Pet Girl of Sakurasou*1,
dwurstho,Black Clover*3,Soul Eater*4,Wonder Egg Priority*5,Your Lie in April*5,
dyoodall4y,Akagami ga Shirayuki Hime*4,Demon Slayer*2,Fly Me to The Moon*3,Masamune-Kun no Revenge*3,Noragami*3,ReLife*3,Spy x Family*1,Violet Evergarden*5,Weathering With You*4,
eairsre,Anohana*5,Charlotte*1,Orange*2,
ebalharrie36,Gintama*2,Jojo's Bizarre Adventure*3,No title*0,Tonari no Kaibutsu-kun*1,Wonder Egg Priority*4,
ebecketjl,Akame ga Kill*5,Golden Time*1,Horimiya*1,Kaguya-sama: Love is War*4,No Game No Life*4,No title*0,Re:Zero kara Hajimeru Isekai Seikatsu*1,Re:Zero kara Hajimeru Isekai Seikatsu*3,Toradora*2,No title*0,
ebettlesonhq,Detective Conan*5,Noragami*5,
eboyett99,Berserk*5,Fairy Tail*1,One Punch Man*2,Tokyo Revengers*5,
ebroose6m,Akagami ga Shirayuki Hime*3,Akagami ga Shirayuki Hime*4,Fairy Tail*5,Initial D*1,Initial D*1,Mieruko-Chan*3,No title*0,Sword Art Online*4,
eburd8i,Clannad*2,Demon Slayer*5,I Want to Eat Your Pancreas*1,Kill la Kill*3,No title*0,
ecassedydz,Detective Conan*3,Naruto*1,Pokemon*3,Toradora*1,
echallender4h,Detective Conan*1,Masamune-Kun no Revenge*5,No title*0,No title*0,Toradora*4,
ecoltherd61,Black Clover*4,Golden Time*4,Kill la Kill*1,No title*0,ReLife*2,No title*0,Soul Eater*1,Tonari no Kaibutsu-kun*5,
edalyielb9,Akame ga Kill*4,Bleach*3,Chuunibyou demo Koi ga Shitai*4,My Dress Up Darling*2,No title*0,
edavisson7x,Assassination Classroom*2,Demon Slayer*5,No title*0,Spy x Family*1,
edroghan7m,Date a Live*3,I Want to Eat Your Pancreas*1,One Piece*3,Rakudai Kishi no Calvary*2,Tate no Yuusha no Nariagari*1,
eduff4g,Akame ga Kill*3,Boruto*3,Date a Live*4,Naruto*2,No title*0,Spy x Family*4,
edundin23,Attack On Titan*4,Detective Conan*5,My Dress Up Darling*2,No Game No Life*3,One Piece*1,Plastic Memories*4,
efewings71,Josee The Tiger and The Fish*5,Kaguya-sama: Love is War*4,Spy x Family*5,Tonari no Kaibutsu-kun*3,White Album 2*3,
efilippovlf,Detective Conan*4,Jujutsu Kaisen*3,Lucky Star*3,Mieruko-Chan*5,No Game No Life*1,No title*0,Your Name*1,
egidney5w,Angel Beats*2,Konosuba*2,No title*0,No title*0,Noragami*4,
ehadley8g,Akame ga Kill*2,Chuunibyou demo Koi ga Shitai*5,I Want to Eat Your Pancreas*3,No title*0,No title*0,No title*0,One Piece*1,Orange*2,Psycho-Pass*1,Yu-Gi-Oh*5,
ehenkenel,Boku no Hero Academia*4,Durarara*3,Fairy Tail*3,Gintama*4,Koe no Katachi: A Silent Voice*1,No Game No Life*5,No title*0,Orange*2,Psycho-Pass*3,Tokyo Ghoul*1,
ejobey63,Bakemonogatari*2,Masamune-Kun no Revenge*4,Your Name*1,
ekubecl1,No title*0,Tokyo Revengers*3,
elakesi5,Ao Haru Ride*3,Clannad*3,Fly Me to The Moon*5,Yu-Gi-Oh*2,
elethlay6w,Bakemonogatari*1,Bleach*1,Charlotte*3,Durarara*1,Durarara*1,No title*0,No title*0,No title*0,Tomodachi Game*5,
elinneyrc,Ao Haru Ride*2,Bakemonogatari*2,Plastic Memories*3,Spy x Family*2,Spy x Family*2,White Album 2*2,Your Name*5,
emandre5c,Akagami ga Shirayuki Hime*2,Charlotte*2,Gintama*1,Initial D*2,Kaguya-sama: Love is War*3,Noragami*4,Noragami*4,Noragami*4,White Album 2*5,
emilligang8,Akagami ga Shirayuki Hime*1,Horimiya*1,Kimi ni Todoke*1,No Game No Life*2,Weathering With You*5,
emingoed,Tonari no Kaibutsu-kun*3,
eminotnz,Ao Haru Ride*5,Darling in Franxx*5,Initial D*1,Lucky Star*1,Nagi no Asukara*3,Orange*3,Sword Art Online*2,Tomodachi Game*1,
enance5e,Blue Exorcist*1,Konosuba*5,No title*0,No title*0,Pokemon*2,Soul Eater*1,
eniavejf,Bakemonogatari*1,Konosuba*2,Mieruko-Chan*5,No title*0,Spy x Family*5,
epargeterqm,Horimiya*5,Initial D*4,Spy x Family*2,
eprykee5,Bleach*4,Koe no Katachi: A Silent Voice*4,Pokemon*3,Wonder Egg Priority*5,
eritmeyerby,Boruto*5,Naruto*2,Rent a Girlfriend*3,
esandham9u,Akame ga Kill*4,Darker than Black*3,Fruit Basket*1,Konosuba*5,Yu-Gi-Oh*3,
esenyardp1,Akame ga Kill*5,Classroom of The Elite*2,Classroom of The Elite*2,Classroom of The Elite*2,Naruto*1,Tsuki ga Kirei*3,No title*0,
eskainsmb,Jujutsu Kaisen*1,Violet Evergarden*3,
estandallan,Date a Live*5,Fruit Basket*5,Lucky Star*3,Oreagairu*1,Your Lie in April*1,
etandeyar,Accel World*3,Boruto*1,Boruto*1,Kill la Kill*2,No Game No Life*2,Wonder Egg Priority*5,
etansley7v,Boruto*4,Jojo's Bizarre Adventure*1,Masamune-Kun no Revenge*2,
etease32,Seishun Buta Yarou*2,Yu-Gi-Oh*2,
etolepx,Detective Conan*2,Koe no Katachi: A Silent Voice*3,My Dress Up Darling*4,My Dress Up Darling*5,My Dress Up Darling*5,No title*0,White Album 2*2,
etrengrousefu,Akame ga Kill*4,Bakemonogatari*1,Clannad*1,Fairy Tail*1,Kill la Kill*3,No title*0,Tokyo Ghoul*2,Wonder Egg Priority*3,
eworganl4,Detective Conan*5,Fairy Tail*5,I Want to Eat Your Pancreas*5,Konosuba*3,Rakudai Kishi no Calvary*1,
facarsonio,Clannad*3,Fairy Tail*3,The Pet Girl of Sakurasou*2,
fambrosettip5,Charlotte*2,Jojo's Bizarre Adventure*4,ReLife*1,
fbendonfe,Akagami ga Shirayuki Hime*5,Demon Slayer*2,Golden Time*3,Lucky Star*3,Noragami*4,No title*0,No title*0,Tokyo Ravens*4,
fbradnumr,Accel World*1,Nagi no Asukara*4,No title*0,Spy x Family*4,The Pet Girl of Sakurasou*4,
fbunyard2h,Accel World*2,No title*0,
fbuttfield7n,Ao Haru Ride*3,Classroom of The Elite*3,Detective Conan*3,Jujutsu Kaisen*1,
fcaronpu,Ao Haru Ride*1,Detective Conan*3,High School DxD*5,K-On*5,Rakudai Kishi no Calvary*1,Yu-Gi-Oh*1,
fcawleypk,Boku no Hero Academia*5,Darling in Franxx*4,
fclaricoats2q,Boku no Hero Academia*5,Fruit Basket*1,Gotoubun no Hanayome*5,Naruto*2,
fdyche7u,Black Clover*3,Boku no Hero Academia*4,Demon Slayer*1,High School DxD*1,Kill la Kill*5,Lucky Star*1,No title*0,White Album 2*3,
fedgettk3,Horimiya*5,Kill la Kill*5,Rakudai Kishi no Calvary*3,Tsuki ga Kirei*5,
ffavellnl,Angel Beats*3,Initial D*5,Jujutsu Kaisen*1,K-On*5,Wolf Children*4,
fgarryc1,Durarara*1,Tomodachi Game*4,
fglennongl,Darling in Franxx*4,Lucky Star*4,No title*0,Oreagairu*1,Oreagairu*4,Toradora*2,No title*0,
fhallwellk1,Golden Time*1,Josee The Tiger and The Fish*4,No Game No Life*3,
fhopkynsr5,Charlotte*2,High School DxD*1,Oreagairu*3,Oreagairu*3,Rent a Girlfriend*1,
finmettr2,Accel World*2,Bleach*3,One Punch Man*3,Psycho-Pass*2,The Pet Girl of Sakurasou*2,Wonder Egg Priority*5,
fkayserp7,Akame ga Kill*5,Golden Time*4,High School DxD*2,K-On*5,Rakudai Kishi no Calvary*5,
fkilgrovecl,Attack On Titan*5,Blue Exorcist*4,Darling in Franxx*3,Guilty Crown*3,No title*0,No title*0,Psycho-Pass*3,Tokyo Revengers*2,
flakesiw,Akame ga Kill*2,Akame ga Kill*5,Chuunibyou demo Koi ga Shitai*2,No title*0,Rent a Girlfriend*3,Tomodachi Game*2,Violet Evergarden*2,
flefrankrj,Gintama*2,Gintama*1,Rakudai Kishi no Calvary*5,White Album 2*4,
flevine2j,Blue Exorcist*5,Oreagairu*3,ReLife*4,Tomodachi Game*4,Yu-Gi-Oh*1,
fmcadamkf,Ao Haru Ride*5,Boruto*4,Classroom of The Elite*1,I Want to Eat Your Pancreas*5,Mieruko-Chan*2,No title*0,Sword Art Online*1,Tsuki ga Kirei*3,White Album 2*3,
fmccool21,Akame ga Kill*3,Assassination Classroom*1,Bakemonogatari*3,Clannad*2,Clannad*2,I Want to Eat Your Pancreas*5,Kill la Kill*3,Kill la Kill*3,Kill la Kill*5,No title*0,Pokemon*4,Seishun Buta Yarou*2,
fmenhcimk,Angel Beats*5,Charlotte*4,Durarara*5,One Punch Man*1,No title*0,Tonari no Kaibutsu-kun*5,
fograda9t,Akame ga Kill*3,Dragon Ball*5,Fruit Basket*5,No title*0,Wolf Children*3,
fpickover98,Akame ga Kill*1,Clannad*2,Jojo's Bizarre Adventure*3,Konosuba*3,No title*0,Orange*1,Rent a Girlfriend*5,Seishun Buta Yarou*4,Weathering With You*4,
fquinnetis,Bakemonogatari*2,Josee The Tiger and The Fish*3,No title*0,Psycho-Pass*2,Wonder Egg Priority*5,
ftruslerno,Bakemonogatari*5,Detective Conan*3,Detective Conan*3,Gotoubun no Hanayome*5,No title*0,White Album 2*2,
fwellsmandn,Black Clover*3,Fairy Tail*5,Horimiya*4,Masamune-Kun no Revenge*4,Rent a Girlfriend*2,
gancliffeos,Classroom of The Elite*5,Oreagairu*2,Rakudai Kishi no Calvary*3,Wonder Egg Priority*3,
gangoodmn,Akame ga Kill*1,
gbamlettqc,Jojo's Bizarre Adventure*3,
gbloxholm16,Accel World*4,Fly Me to The Moon*2,Noragami*1,Rent a Girlfriend*5,
gclue6c,Fly Me to The Moon*4,Hunter x Hunter*5,Josee The Tiger and The Fish*2,Josee The Tiger and The Fish*2,Nagi no Asukara*3,Tsuki ga Kirei*4,
gcobleigh6l,Attack On Titan*2,Berserk*2,Durarara*4,Fly Me to The Moon*5,Lucky Star*2,No Game No Life*4,ReLife*1,No title*0,ReLife*3,Tate no Yuusha no Nariagari*1,
gconnell9d,Fairy Tail*4,Jujutsu Kaisen*4,Mieruko-Chan*2,Rakudai Kishi no Calvary*2,Rakudai Kishi no Calvary*3,Wolf Children*3,
gcossentineqx,Boruto*5,Chuunibyou demo Koi ga Shitai*2,Guilty Crown*3,Kimi ni Todoke*2,Soul Eater*2,No title*0,Tomodachi Game*5,Violet Evergarden*2,
gcowserb4,Berserk*5,Boruto*5,Fairy Tail*3,Gintama*3,Kimi ni Todoke*5,Kimi ni Todoke*5,Noragami*2,No title*0,Tokyo Revengers*3,
gcragheadql,Fruit Basket*5,I Want to Eat Your Pancreas*5,Spy x Family*5,Tonari no Kaibutsu-kun*5,
gdeerem3,Bakemonogatari*5,Gintama*1,K-On*4,Rakudai Kishi no Calvary*2,Yu-Gi-Oh*1,Yu-Gi-Oh*4,
gdovinsona7,Angel Beats*4,Kaguya-sama: Love is War*3,Pokemon*4,
gdunnku,Golden Time*5,
gfarlowe1f,Bleach*4,Bleach*2,Charlotte*5,Demon Slayer*5,Konosuba*5,Konosuba*5,Naruto*5,Plastic Memories*4,Plastic Memories*3,Tonari no Kaibutsu-kun*4,Wolf Children*5,
ggalegoh5,Accel World*3,Durarara*5,Mieruko-Chan*1,Orange*5,Orange*3,Spy x Family*4,Wolf Children*5,
ggallagercx,Blue Exorcist*1,ReLife*3,ReLife*3,Soul Eater*4,
ggazey1p,Accel World*4,Berserk*4,Charlotte*1,Spy x Family*3,Violet Evergarden*2,Wonder Egg Priority*5,
gglendinning15,Boruto*5,Charlotte*2,Kaguya-sama: Love is War*3,Rakudai Kishi no Calvary*2,The Pet Girl of Sakurasou*2,Weathering With You*2,
ghaydon7h,Attack On Titan*4,Blue Exorcist*2,Horimiya*5,Sword Art Online*2,Tokyo Ghoul*2,No title*0,
gheadford3z,Blue Exorcist*4,No title*0,No title*0,One Piece*4,Tokyo Revengers*3,Your Lie in April*1,
givettl3,Gintama*1,Psycho-Pass*2,Wolf Children*2,
gjestf2,Bleach*1,Masamune-Kun no Revenge*3,No title*0,No title*0,Oreagairu*4,Re:Zero kara Hajimeru Isekai Seikatsu*5,Yu-Gi-Oh*5,
gkneeboneka,Akagami ga Shirayuki Hime*2,Tomodachi Game*2,
glarvor75,Chuunibyou demo Koi ga Shitai*1,Dragon Ball*2,High School DxD*2,Masamune-Kun no Revenge*3,Masamune-Kun no Revenge*3,No title*0,No title*0,One Punch Man*2,Seishun Buta Yarou*4,Seishun Buta Yarou*3,Tsuki ga Kirei*1,
glefridgepw,Horimiya*5,Yu-Gi-Oh*4,
glehonkz,Nagi no Asukara*4,Nagi no Asukara*2,Orange*1,Rent a Girlfriend*2,Tomodachi Game*1,No title*0,
gmaaseqv,Bleach*2,Durarara*4,Hunter x Hunter*3,Jujutsu Kaisen*2,Plastic Memories*4,Rakudai Kishi no Calvary*1,Tokyo Ghoul*3,
gmcphelimnh,K-On*4,
gocullinanejv,Chuunibyou demo Koi ga Shitai*2,Date a Live*2,Guilty Crown*3,Kaguya-sama: Love is War*3,No title*0,No title*0,No title*0,Oreagairu*4,Psycho-Pass*5,Rakudai Kishi no Calvary*2,Tokyo Ravens*1,Tomodachi Game*5,
gparkissongs,Berserk*1,Date a Live*4,Orange*2,Orange*2,Plastic Memories*3,Tokyo Ghoul*5,No title*0,
grichings12,Ao Haru Ride*2,Bakemonogatari*1,Initial D*1,Orange*1,Rent a Girlfriend*1,Tokyo Ravens*5,
grobottom4w,Bakemonogatari*4,Darker than Black*1,Initial D*1,Noragami*1,Rent a Girlfriend*2,Tonari no Kaibutsu-kun*5,No title*0,Yu-Gi-Oh*1,No title*0,
gsercko0,One Punch Man*5,Your Name*5,
gskermdp,Angel Beats*5,Detective Conan*5,Detective Conan*5,Horimiya*3,Josee The Tiger and The Fish*4,No Game No Life*1,No title*0,Oreagairu*1,Tsuki ga Kirei*3,Tsuki ga Kirei*1,Violet Evergarden*3,
gsmalecomberf,Horimiya*2,Kill la Kill*3,Nagi no Asukara*4,Your Lie in April*2,
gsmidmorehj,Blue Exorcist*5,Darker than Black*5,Guilty Crown*2,One Punch Man*3,Re:Zero kara Hajimeru Isekai Seikatsu*3,Re:Zero kara Hajimeru Isekai Seikatsu*3,Yu-Gi-Oh*1,
gstallwoodkd,Anohana*2,Fly Me to The Moon*1,Koe no Katachi: A Silent Voice*2,Mieruko-Chan*3,One Piece*5,Toradora*4,Weathering With You*1,Weathering With You*3,Yu-Gi-Oh*1,
gstott3t,Accel World*1,High School DxD*2,Masamune-Kun no Revenge*3,Soul Eater*3,Tate no Yuusha no Nariagari*3,
gthorlbygt,Bleach*2,Fly Me to The Moon*4,My Dress Up Darling*3,No title*0,Wonder Egg Priority*4,Wonder Egg Priority*4,Yu-Gi-Oh*4,
gtuckleym9,Blue Exorcist*3,Chuunibyou demo Koi ga Shitai*4,Konosuba*2,Lucky Star*2,Nisekoi*4,Rent a Girlfriend*1,
gvandecappellehm,Akagami ga Shirayuki Hime*4,Akagami ga Shirayuki Hime*2,Wonder Egg Priority*1,
gvasilyevski59,Berserk*1,Clannad*5,Darling in Franxx*1,Konosuba*5,No title*0,Wonder Egg Priority*1,
gvossgeni2,Akagami ga Shirayuki Hime*4,Detective Conan*4,No title*0,
gwarlawe9q,Clannad*1,Josee The Tiger and The Fish*4,Lucky Star*2,Tate no Yuusha no Nariagari*3,Wolf Children*5,
gwedmore4v,Angel Beats*4,Boku no Hero Academia*3,Charlotte*4,Horimiya*5,Jujutsu Kaisen*5,Masamune-Kun no Revenge*4,No title*0,Psycho-Pass*5,Tokyo Revengers*3,Tsuki ga Kirei*2,
gwillers3f,Berserk*5,Darker than Black*3,Jojo's Bizarre Adventure*3,No title*0,No title*0,Toradora*1,Tsuki ga Kirei*3,
handrzejewski9f,Bakemonogatari*5,Chuunibyou demo Koi ga Shitai*5,Dragon Ball*3,Dragon Ball*5,Fly Me to The Moon*1,Naruto*3,Orange*5,Psycho-Pass*2,Rent a Girlfriend*3,Spy x Family*1,Toradora*5,
hbeekmannnj,Chuunibyou demo Koi ga Shitai*3,Demon Slayer*5,
hbindonf3,Nagi no Asukara*4,Seishun Buta Yarou*2,Wonder Egg Priority*5,
hbishopp96,Akame ga Kill*5,Durarara*3,K-On*2,Oreagairu*3,No title*0,Oreagairu*3,Sword Art Online*4,
hboakesci,Jojo's Bizarre Adventure*5,Konosuba*2,My Dress Up Darling*4,My Dress Up Darling*4,No title*0,Tokyo Ghoul*2,
hbonallicknd,Darker than Black*2,Konosuba*3,Konosuba*3,Konosuba*3,No title*0,No title*0,Violet Evergarden*1,
hborringtonpa,Fruit Basket*1,Kimi ni Todoke*5,Rakudai Kishi no Calvary*2,
hbretellebh,Dragon Ball*3,Fly Me to The Moon*4,Gotoubun no Hanayome*1,Josee The Tiger and The Fish*1,Nisekoi*2,No title*0,
hcampak6,Detective Conan*4,Fruit Basket*1,Golden Time*5,My Dress Up Darling*4,Noragami*5,Noragami*5,Spy x Family*1,Toradora*1,Tokyo Revengers*1,No title*0,
hcasin27,Akame ga Kill*2,Koe no Katachi: A Silent Voice*3,No title*0,No title*0,Seishun Buta Yarou*4,Wonder Egg Priority*4,
hcastiblanco9v,Accel World*1,Golden Time*3,Golden Time*3,Josee The Tiger and The Fish*1,No title*0,Orange*3,Tomodachi Game*1,
hcharrisson9,Angel Beats*2,No title*0,Psycho-Pass*2,Tsuki ga Kirei*4,
hdecruzeop,Akagami ga Shirayuki Hime*5,Ao Haru Ride*1,Date a Live*1,Gintama*1,No Game No Life*1,No title*0,Orange*3,Re:Zero kara Hajimeru Isekai Seikatsu*5,
hdegnengh,Fly Me to The Moon*3,Golden Time*4,One Piece*5,Pokemon*2,Spy x Family*2,Tokyo Ghoul*5,
hdonettgj,Attack On Titan*5,Berserk*5,Dragon Ball*5,Golden Time*1,Josee The Tiger and The Fish*2,K-On*1,Spy x Family*4,Tokyo Revengers*2,
hfoffano9j,Black Clover*2,Initial D*4,Initial D*3,
hgazejk,Berserk*2,Jojo's Bizarre Adventure*4,Kimi ni Todoke*1,One Punch Man*4,Rent a Girlfriend*1,Violet Evergarden*2,Yu-Gi-Oh*1,
hgemeaun,Akame ga Kill*5,Akame ga Kill*3,Gotoubun no Hanayome*5,Tokyo Ghoul*1,
hglowinskijg,Darling in Franxx*3,Nisekoi*2,One Punch Man*4,
hgrahamslaw4r,Plastic Memories*2,Tsuki ga Kirei*2,
hhaireao,Initial D*3,K-On*4,No title*0,No title*0,One Punch Man*3,Pokemon*5,Tsuki ga Kirei*3,
hjacoxau,Assassination Classroom*3,Hunter x Hunter*4,No title*0,Pokemon*5,Tsuki ga Kirei*4,
hlaminmanej,Blue Exorcist*2,Fruit Basket*3,Golden Time*4,Golden Time*4,Nagi no Asukara*4,Rakudai Kishi no Calvary*4,Violet Evergarden*3,
hlangfitt1a,Plastic Memories*2,Tokyo Revengers*1,
hleregog0,Gotoubun no Hanayome*5,Horimiya*4,Initial D*4,Kill la Kill*4,Tomodachi Game*5,
hlissandrei9,High School DxD*3,Orange*3,
hlumbu,Accel World*1,Detective Conan*1,Detective Conan*1,Jojo's Bizarre Adventure*1,Rakudai Kishi no Calvary*3,
hmacnucatorgv,K-On*4,Masamune-Kun no Revenge*5,ReLife*3,ReLife*4,Seishun Buta Yarou*4,Tomodachi Game*1,Your Lie in April*4,
hmcartow,Fairy Tail*1,Initial D*5,One Punch Man*3,Pokemon*3,The Pet Girl of Sakurasou*4,
hmcgeechann4,Attack On Titan*4,Boku no Hero Academia*3,No title*0,Rent a Girlfriend*4,Rent a Girlfriend*4,Yu-Gi-Oh*2,
hmingottiey,Dragon Ball*5,Dragon Ball*5,Gintama*4,Initial D*4,Re:Zero kara Hajimeru Isekai Seikatsu*4,Wolf Children*5,
homannionb2,I Want to Eat Your Pancreas*1,
hpappinh0,Durarara*1,Golden Time*2,ReLife*4,Seishun Buta Yarou*5,
hpaxfordea0,Rent a Girlfriend*2,
hperon9e,Black Clover*2,Chuunibyou demo Koi ga Shitai*3,Sword Art Online*4,The Pet Girl of Sakurasou*4,
hphillips7a,Akame ga Kill*5,Initial D*3,Rakudai Kishi no Calvary*5,Spy x Family*1,
hprestedgefy,Charlotte*5,Durarara*1,Durarara*1,Fairy Tail*5,Guilty Crown*4,Guilty Crown*4,Jojo's Bizarre Adventure*3,No title*0,The Pet Girl of Sakurasou*5,Your Name*5,
hpuckrin5h,Fairy Tail*3,No title*0,Oreagairu*3,Spy x Family*4,
hrulehp,Blue Exorcist*3,One Piece*4,Tokyo Ravens*2,
hruthven7z,Kaguya-sama: Love is War*5,Tokyo Ravens*5,
hsacazeft,Bleach*4,Detective Conan*2,Horimiya*1,Rent a Girlfriend*2,Soul Eater*1,The Pet Girl of Sakurasou*3,
hsargantoz,Angel Beats*2,Darker than Black*2,Initial D*4,Konosuba*3,No title*0,Tsuki ga Kirei*1,
hseiler2w,Bleach*2,Horimiya*4,Kill la Kill*2,Tate no Yuusha no Nariagari*4,
hshandad,One Piece*4,Violet Evergarden*3,White Album 2*3,Your Lie in April*5,
hslingsbyex,Bakemonogatari*4,Lucky Star*3,One Punch Man*5,Psycho-Pass*4,Tonari no Kaibutsu-kun*5,No title*0,Violet Evergarden*5,
hspurdensmo,K-On*2,Spy x Family*2,Tate no Yuusha no Nariagari*5,Weathering With You*3,
htevlinj7,Akagami ga Shirayuki Hime*1,Boku no Hero Academia*1,Boku no Hero Academia*1,Gotoubun no Hanayome*2,Jujutsu Kaisen*1,No title*0,Seishun Buta Yarou*3,Wonder Egg Priority*2,
hvertey5t,Tokyo Revengers*3,
hvyela9,Anohana*5,Boku no Hero Academia*5,Boku no Hero Academia*5,Charlotte*2,Gotoubun no Hanayome*5,High School DxD*4,Jujutsu Kaisen*1,Nisekoi*3,Tomodachi Game*2,
hweedon5p,Boku no Hero Academia*2,Durarara*5,Kaguya-sama: Love is War*4,Noragami*2,No title*0,Plastic Memories*1,Rent a Girlfriend*5,Toradora*3,
hwindrampg,Bakemonogatari*3,Demon Slayer*3,Horimiya*4,Horimiya*1,Kill la Kill*2,Oreagairu*3,Tate no Yuusha no Nariagari*3,
iblackneynn,Akame ga Kill*2,Akame ga Kill*4,Berserk*4,Classroom of The Elite*1,Durarara*5,Jujutsu Kaisen*2,No title*0,Tsuki ga Kirei*1,Toradora*2,No title*0,Weathering With You*2,
ibowlesij,Date a Live*5,Fly Me to The Moon*3,Initial D*2,Spy x Family*5,The Pet Girl of Sakurasou*3,Wonder Egg Priority*3,
ibull7o,Akagami ga Shirayuki Hime*5,Black Clover*3,Classroom of The Elite*1,Darker than Black*3,Darker than Black*1,I Want to Eat Your Pancreas*2,Jojo's Bizarre Adventure*2,
icicerone51,Bakemonogatari*3,Detective Conan*2,Mieruko-Chan*3,Naruto*1,No title*0,Orange*3,
icominomw,Akagami ga Shirayuki Hime*1,I Want to Eat Your Pancreas*5,Naruto*4,
icorbridgecw,Seishun Buta Yarou*3,Tokyo Ravens*5,
idifriscold,Charlotte*2,Darker than Black*2,K-On*5,K-On*2,No title*0,No title*0,Spy x Family*5,
idymidowiczo1,Angel Beats*3,Fairy Tail*3,Gintama*5,Initial D*2,Josee The Tiger and The Fish*1,No Game No Life*3,No Game No Life*3,No title*0,
igoodsir6o,Boku no Hero Academia*3,Detective Conan*2,Guilty Crown*3,Josee The Tiger and The Fish*4,Kimi ni Todoke*4,No Game No Life*4,The Pet Girl of Sakurasou*5,
ihillitt9o,Anohana*1,Guilty Crown*1,Guilty Crown*4,Initial D*2,Initial D*5,My Dress Up Darling*2,No Game No Life*4,Tomodachi Game*2,
ilasterk,I Want to Eat Your Pancreas*5,Mieruko-Chan*4,Noragami*1,Sword Art Online*4,Toradora*3,Toradora*3,Wonder Egg Priority*1,Wonder Egg Priority*4,
iliquorishfl,Accel World*5,Detective Conan*5,Detective Conan*5,Detective Conan*5,Hunter x Hunter*3,Hunter x Hunter*3,Masamune-Kun no Revenge*4,No title*0,Pokemon*5,Tonari no Kaibutsu-kun*4,
imccambrois72,Nagi no Asukara*2,
istanmer8q,Ao Haru Ride*2,My Dress Up Darling*2,Your Lie in April*4,
itwitchingaw,Clannad*1,Durarara*2,Gotoubun no Hanayome*4,Koe no Katachi: A Silent Voice*1,
iwolfendellmz,Kill la Kill*4,
jaldwich9x,Fairy Tail*5,
japplegarth5x,Anohana*4,Charlotte*2,Kill la Kill*1,Kill la Kill*5,Kill la Kill*5,Lucky Star*4,No title*0,No title*0,Tomodachi Game*2,
jaustmg,Attack On Titan*2,
jbeardshawq5,Detective Conan*4,Guilty Crown*1,Mieruko-Chan*1,Noragami*5,Pokemon*3,Rent a Girlfriend*5,Sword Art Online*5,Sword Art Online*5,Your Lie in April*5,
jbeckeyhh,Boruto*4,I Want to Eat Your Pancreas*1,Masamune-Kun no Revenge*1,Wonder Egg Priority*5,
jbisterfeldfi,Horimiya*2,Konosuba*3,Konosuba*3,Psycho-Pass*3,Rakudai Kishi no Calvary*2,
jbolefr,Assassination Classroom*4,Guilty Crown*2,Jojo's Bizarre Adventure*4,One Piece*2,Spy x Family*4,
jbrideokey,Assassination Classroom*4,Blue Exorcist*2,Date a Live*3,Golden Time*1,Horimiya*3,Jujutsu Kaisen*2,Kill la Kill*2,Noragami*4,No title*0,One Piece*5,Re:Zero kara Hajimeru Isekai Seikatsu*5,
jbruford6i,Boruto*5,Chuunibyou demo Koi ga Shitai*4,One Piece*1,Spy x Family*4,No title*0,
jburgeh8,Akagami ga Shirayuki Hime*4,Boku no Hero Academia*2,Rent a Girlfriend*4,Wonder Egg Priority*2,
jclemmensp9,Accel World*2,Blue Exorcist*1,Date a Live*2,Jujutsu Kaisen*2,Mieruko-Chan*1,No Game No Life*3,Plastic Memories*2,ReLife*5,No title*0,Tokyo Ravens*4,
jcordaroy1s,Clannad*2,Noragami*3,Weathering With You*3,
jcoutho7,Darling in Franxx*4,Noragami*5,Oreagairu*5,Plastic Memories*3,Wolf Children*3,
jdacosta82,Akagami ga Shirayuki Hime*5,Boku no Hero Academia*1,Dragon Ball*3,High School DxD*4,Initial D*1,My Dress Up Darling*5,
jdeliai6,Akagami ga Shirayuki Hime*5,Assassination Classroom*1,Assassination Classroom*2,Koe no Katachi: A Silent Voice*1,Kaguya-sama: Love is War*5,Koe no Katachi: A Silent Voice*1,No title*0,Oreagairu*1,Re:Zero kara Hajimeru Isekai Seikatsu*1,Seishun Buta Yarou*2,Tsuki ga Kirei*2,No title*0,
jemmaag,Boruto*5,Darker than Black*3,Fly Me to The Moon*5,Nisekoi*2,Nisekoi*2,Your Lie in April*2,
jfiggeac,Boku no Hero Academia*2,Durarara*1,Fairy Tail*4,Fairy Tail*3,Konosuba*5,Lucky Star*4,Sword Art Online*3,White Album 2*1,Your Name*5,
jforo7i,Initial D*2,Initial D*4,Kimi ni Todoke*4,Lucky Star*5,Tsuki ga Kirei*4,
jfrearsgz,Bleach*2,Boku no Hero Academia*2,Detective Conan*1,Jojo's Bizarre Adventure*2,Kaguya-sama: Love is War*1,My Dress Up Darling*2,No title*0,Rakudai Kishi no Calvary*3,Wonder Egg Priority*3,
jfrowinggu,Bleach*1,High School DxD*3,No title*0,Your Name*5,
jgiacomozzoq,Bakemonogatari*3,Dragon Ball*3,No title*0,Re:Zero kara Hajimeru Isekai Seikatsu*1,Weathering With You*2,
jgorrissen80,Golden Time*3,I Want to Eat Your Pancreas*4,Jojo's Bizarre Adventure*5,Orange*1,
jgoulborne3,Akame ga Kill*5,Bleach*4,Kimi ni Todoke*2,Noragami*5,Noragami*5,Noragami*5,Orange*2,Rakudai Kishi no Calvary*2,Spy x Family*4,White Album 2*1,Yu-Gi-Oh*3,
jgreenek,Accel World*1,Berserk*3,Nagi no Asukara*4,One Punch Man*4,
jhacquoilr0,Angel Beats*5,Clannad*4,Koe no Katachi: A Silent Voice*4,No title*0,
jhailyi7,Bakemonogatari*1,Gotoubun no Hanayome*5,Horimiya*2,Naruto*1,Re:Zero kara Hajimeru Isekai Seikatsu*3,
jhobblecf,Accel World*1,Masamune-Kun no Revenge*4,Rent a Girlfriend*4,No title*0,Sword Art Online*1,No title*0,Wonder Egg Priority*3,
jjozefiakqh,Akagami ga Shirayuki Hime*5,No title*0,Tonari no Kaibutsu-kun*5,
jkirkhouse8l,Accel World*1,Assassination Classroom*2,Fruit Basket*1,Josee The Tiger and The Fish*3,No title*0,Pokemon*1,
jkitchingw,Berserk*4,Josee The Tiger and The Fish*4,Orange*3,Pokemon*4,Tonari no Kaibutsu-kun*2,
jlefeaverbm,Boku no Hero Academia*4,Clannad*4,Demon Slayer*4,Kill la Kill*5,Noragami*5,No title*0,Orange*1,Orange*1,Tokyo Ghoul*2,
jlipsonm0,Black Clover*1,Darker than Black*2,Golden Time*5,Sword Art Online*1,
jmacclure1h,Jujutsu Kaisen*2,Nagi no Asukara*3,
jmacconaghy42,Chuunibyou demo Koi ga Shitai*2,
jmarcone3l,Assassination Classroom*1,Assassination Classroom*1,Initial D*3,One Punch Man*2,Tokyo Ravens*4,No title*0,
jmcgahernbj,Akame ga Kill*2,Berserk*5,Weathering With You*5,
jminchindenay,Bleach*5,Chuunibyou demo Koi ga Shitai*1,Durarara*1,My Dress Up Darling*3,
jminchintonc8,Ao Haru Ride*3,Durarara*2,Masamune-Kun no Revenge*1,Nisekoi*5,Pokemon*5,Re:Zero kara Hajimeru Isekai Seikatsu*1,
jmoodeykv,Anohana*1,Guilty Crown*1,I Want to Eat Your Pancreas*1,Koe no Katachi: A Silent Voice*1,No title*0,Oreagairu*1,Tokyo Ghoul*5,
jmumbesonns,Accel World*2,Black Clover*5,Detective Conan*5,Detective Conan*5,Detective Conan*5,Lucky Star*5,Lucky Star*3,Mieruko-Chan*4,No title*0,
jnewling73,Boku no Hero Academia*5,ReLife*3,
jounsworthf,Angel Beats*4,Black Clover*4,Fairy Tail*1,Tokyo Ghoul*1,No title*0,
jpallas54,Attack On Titan*2,Demon Slayer*3,Demon Slayer*3,K-On*5,Plastic Memories*5,Rakudai Kishi no Calvary*5,Wolf Children*3,
jpulham81,Darker than Black*3,I Want to Eat Your Pancreas*1,No title*0,
jpursejd,Guilty Crown*3,High School DxD*5,Kaguya-sama: Love is War*5,
jsavagemr,Gotoubun no Hanayome*1,Hunter x Hunter*3,Masamune-Kun no Revenge*1,Nisekoi*1,One Piece*1,Rent a Girlfriend*4,
jserjeantnk,Kaguya-sama: Love is War*4,
jsimonson9c,Angel Beats*2,Gotoubun no Hanayome*5,Jujutsu Kaisen*4,
jstanfieldpi,Ao Haru Ride*2,Koe no Katachi: A Silent Voice*4,White Album 2*3,
jsycerr,Bakemonogatari*3,Demon Slayer*4,Fruit Basket*2,Guilty Crown*3,Naruto*5,No title*0,Tokyo Ravens*4,
jthickettoi,Akagami ga Shirayuki Hime*4,Seishun Buta Yarou*1,
jtrollopeid,Golden Time*5,Konosuba*1,
jtwinejj,Darling in Franxx*5,Gotoubun no Hanayome*3,Jojo's Bizarre Adventure*1,Masamune-Kun no Revenge*2,Noragami*3,One Punch Man*4,ReLife*2,
juphamjx,Dragon Ball*3,Gotoubun no Hanayome*2,ReLife*1,Tokyo Ghoul*1,
juzzell2z,Attack On Titan*4,Boku no Hero Academia*4,Boku no Hero Academia*4,Charlotte*3,Pokemon*5,ReLife*5,Tonari no Kaibutsu-kun*1,Wolf Children*2,Your Name*5,
jvanderbeekdb,Berserk*4,Detective Conan*3,Konosuba*4,
jvarley48,Jojo's Bizarre Adventure*4,No title*0,One Punch Man*1,
jvernazza3r,Chuunibyou demo Koi ga Shitai*2,Darling in Franxx*4,Guilty Crown*5,Horimiya*2,Tokyo Ravens*1,No title*0,Tokyo Ravens*1,Wonder Egg Priority*1,No title*0,
jwaddamsmu,Angel Beats*3,No title*0,Noragami*3,
jwagnerinli,Darling in Franxx*1,Horimiya*4,One Punch Man*2,Your Name*5,
jyurocjhinpb,Blue Exorcist*3,Fly Me to The Moon*1,Horimiya*5,Kimi ni Todoke*3,Masamune-Kun no Revenge*3,Masamune-Kun no Revenge*5,Oreagairu*4,Sword Art Online*1,Tsuki ga Kirei*3,No title*0,
kanglish14,Weathering With You*1,Your Lie in April*5,
kawcockfd,Akame ga Kill*4,Bakemonogatari*1,Darling in Franxx*2,Kimi ni Todoke*2,Kimi ni Todoke*2,Nisekoi*1,No title*0,Tokyo Revengers*5,
kbaudain7t,Berserk*3,Masamune-Kun no Revenge*3,No title*0,Yu-Gi-Oh*1,
kbecerrai3,Accel World*4,Attack On Titan*3,Classroom of The Elite*4,Jojo's Bizarre Adventure*1,Lucky Star*1,My Dress Up Darling*4,No title*0,Your Lie in April*5,
kbeckena2,Durarara*4,Gotoubun no Hanayome*5,I Want to Eat Your Pancreas*3,Spy x Family*2,White Album 2*1,
kbidmeadph,Anohana*2,Fly Me to The Moon*1,Golden Time*4,Konosuba*4,Tate no Yuusha no Nariagari*4,Violet Evergarden*2,
kbotleyrn,I Want to Eat Your Pancreas*5,No title*0,Orange*3,Tokyo Ravens*1,
kcheal4c,Clannad*4,Kimi ni Todoke*2,Kimi ni Todoke*3,One Punch Man*3,
kchilde7y,Josee The Tiger and The Fish*4,No Game No Life*1,Seishun Buta Yarou*3,
kcockingf,Jujutsu Kaisen*3,Tomodachi Game*1,
kdhoogera,Bakemonogatari*1,Masamune-Kun no Revenge*5,
kdockree88,Horimiya*1,Lucky Star*4,Psycho-Pass*5,Rent a Girlfriend*4,The Pet Girl of Sakurasou*1,Wolf Children*1,
keburahig,Angel Beats*5,Classroom of The Elite*4,Fly Me to The Moon*4,No title*0,Tokyo Ravens*5,No title*0,White Album 2*4,
kgidley94,Attack On Titan*5,Horimiya*5,No title*0,Toradora*5,
kgillhamng,Blue Exorcist*3,Clannad*1,Psycho-Pass*5,
khelliargp,Akagami ga Shirayuki Hime*5,Gotoubun no Hanayome*5,Gotoubun no Hanayome*5,Horimiya*4,Jujutsu Kaisen*2,My Dress Up Darling*5,Wolf Children*5,Your Name*3,
khourston3e,Bakemonogatari*5,Clannad*4,Durarara*4,Guilty Crown*3,Guilty Crown*3,Noragami*2,One Punch Man*5,
klaundondf,Darling in Franxx*4,Masamune-Kun no Revenge*3,No title*0,Toradora*5,Wonder Egg Priority*3,
klonghorne37,Classroom of The Elite*3,
klytellk9,Attack On Titan*2,Blue Exorcist*4,Mieruko-Chan*1,Orange*4,Sword Art Online*5,Tomodachi Game*1,Weathering With You*1,
kmacanulty17,Classroom of The Elite*3,I Want to Eat Your Pancreas*3,No Game No Life*1,Tokyo Ghoul*5,Violet Evergarden*2,Your Lie in April*2,
kmartinecih,Fly Me to The Moon*4,Guilty Crown*1,Plastic Memories*1,
kmccraebs,Akagami ga Shirayuki Hime*2,Horimiya*5,Kaguya-sama: Love is War*5,No title*0,ReLife*3,Toradora*3,No title*0,
kmougeot3d,Angel Beats*5,Kimi ni Todoke*3,Sword Art Online*5,
kocalleran7,Boruto*3,Dragon Ball*3,
kohoeypy,Fly Me to The Moon*4,Guilty Crown*1,Jujutsu Kaisen*2,Konosuba*5,Noragami*5,The Pet Girl of Sakurasou*2,Wolf Children*3,
kosipenkor1,Boruto*3,Kimi ni Todoke*3,Yu-Gi-Oh*1,
kpentercostcy,Anohana*1,Anohana*5,Bakemonogatari*2,K-On*5,Re:Zero kara Hajimeru Isekai Seikatsu*3,Soul Eater*1,
kpetroniscs,Attack On Titan*4,Classroom of The Elite*5,Kimi ni Todoke*2,Naruto*5,Soul Eater*3,
kpurslowmj,Horimiya*4,
kriggeq0,Angel Beats*5,Demon Slayer*3,No title*0,
kruckmanp2,Konosuba*5,Oreagairu*5,
kscarsbrookeg2,Bakemonogatari*2,K-On*3,Psycho-Pass*5,
ksebire6a,Akame ga Kill*3,Horimiya*4,Kaguya-sama: Love is War*5,
ksimoninifb,Seishun Buta Yarou*1,White Album 2*5,
ksindersongn,Accel World*5,Initial D*5,Jujutsu Kaisen*5,Koe no Katachi: A Silent Voice*5,Koe no Katachi: A Silent Voice*5,No title*0,Toradora*5,Tomodachi Game*5,No title*0,
kstibbsmc,Bakemonogatari*3,Nagi no Asukara*3,Oreagairu*1,No title*0,Psycho-Pass*2,Rakudai Kishi no Calvary*4,
kteggart91,Chuunibyou demo Koi ga Shitai*4,Demon Slayer*1,No title*0,
kthreadgold79,K-On*4,Noragami*4,No title*0,Soul Eater*3,
ktidbaldon,Anohana*2,Konosuba*2,Mieruko-Chan*3,No title*0,Seishun Buta Yarou*5,
ktillertonj,Durarara*4,Fairy Tail*3,High School DxD*5,Nagi no Asukara*5,ReLife*1,Spy x Family*1,Toradora*2,
ladshede3,Anohana*4,Demon Slayer*3,Horimiya*3,Kill la Kill*2,Nagi no Asukara*1,The Pet Girl of Sakurasou*4,
lbabbernu,Akagami ga Shirayuki Hime*3,Date a Live*1,Golden Time*3,No title*0,Tomodachi Game*2,White Album 2*3,Yu-Gi-Oh*1,
lbrillr4,Bakemonogatari*4,Bakemonogatari*1,Golden Time*5,No title*0,Rakudai Kishi no Calvary*2,
lbrundellcv,Bleach*3,Guilty Crown*2,Seishun Buta Yarou*1,Violet Evergarden*1,Your Name*4,
lbrunickela,Charlotte*3,Kaguya-sama: Love is War*2,No title*0,Violet Evergarden*2,Yu-Gi-Oh*1,
lburgiseo4,Accel World*4,Darling in Franxx*4,Darling in Franxx*2,K-On*3,Mieruko-Chan*2,Naruto*4,Your Lie in April*4,
lcaddick2,Kimi ni Todoke*5,One Punch Man*1,Toradora*4,
lcambellj2,Jojo's Bizarre Adventure*1,Koe no Katachi: A Silent Voice*4,Naruto*4,
lclewlowei8,Ao Haru Ride*3,Chuunibyou demo Koi ga Shitai*5,Fly Me to The Moon*1,Kaguya-sama: Love is War*4,Rent a Girlfriend*1,Seishun Buta Yarou*2,
lcolvilleeb,Hunter x Hunter*5,Orange*1,Sword Art Online*1,Sword Art Online*5,
lcristeae6,Golden Time*3,K-On*2,Mieruko-Chan*1,Tsuki ga Kirei*4,Your Lie in April*2,
ldarkehc,Ao Haru Ride*5,Bleach*2,Darker than Black*1,Gintama*5,Horimiya*3,One Punch Man*1,Rent a Girlfriend*1,Tonari no Kaibutsu-kun*5,Weathering With You*2,Your Lie in April*1,
ldebullionoj,Detective Conan*1,
ldemannd6,Assassination Classroom*3,Hunter x Hunter*3,
ldinnegesp8,Ao Haru Ride*5,
lfairlambrh,Hunter x Hunter*3,I Want to Eat Your Pancreas*1,Nisekoi*4,Re:Zero kara Hajimeru Isekai Seikatsu*2,
lfernelybo,Bakemonogatari*2,Golden Time*5,Hunter x Hunter*1,Hunter x Hunter*1,Initial D*1,Naruto*2,Pokemon*3,
lfoneif,Darker than Black*1,Gotoubun no Hanayome*4,Mieruko-Chan*1,No title*0,Noragami*1,No title*0,Orange*1,
lfrewereq,Darling in Franxx*3,Golden Time*3,Kimi ni Todoke*4,Lucky Star*2,No title*0,Soul Eater*2,
lgoshawker7,Naruto*5,Pokemon*1,Tokyo Revengers*3,
lhammettme,Akagami ga Shirayuki Hime*4,Fairy Tail*4,No Game No Life*2,One Piece*1,
lhawneyi0,Angel Beats*1,Fairy Tail*2,Guilty Crown*5,Horimiya*3,Kill la Kill*5,
lhazzardqz,Fruit Basket*5,Golden Time*1,Masamune-Kun no Revenge*5,Rakudai Kishi no Calvary*4,Violet Evergarden*4,Wonder Egg Priority*4,
lhubnerc5,Attack On Titan*1,Naruto*2,No title*0,Oreagairu*3,
liacivelliqi,Demon Slayer*2,Golden Time*4,Josee The Tiger and The Fish*4,No Game No Life*1,Spy x Family*1,
lkintzel9b,Fairy Tail*4,Gintama*3,Kill la Kill*4,Kill la Kill*3,Lucky Star*5,No title*0,Pokemon*2,ReLife*4,Tokyo Revengers*4,Yu-Gi-Oh*2,
lkmiec2n,Charlotte*5,Kimi ni Todoke*2,Kimi ni Todoke*2,No title*0,Tonari no Kaibutsu-kun*3,Violet Evergarden*4,White Album 2*4,Yu-Gi-Oh*3,
llarderot2g,Gotoubun no Hanayome*1,Nisekoi*3,Nisekoi*1,Soul Eater*2,Tokyo Ravens*5,No title*0,
llebel67,Accel World*4,Golden Time*4,No Game No Life*1,No Game No Life*2,Spy x Family*1,Spy x Family*1,Tokyo Ghoul*3,
llemonly,Blue Exorcist*5,Blue Exorcist*1,Golden Time*4,No title*0,No title*0,
llinebargerkg,Josee The Tiger and The Fish*1,Kimi ni Todoke*3,
llippiello28,Charlotte*1,Detective Conan*5,Detective Conan*5,Oreagairu*5,No title*0,Your Name*3,
lmacfadden8j,Wolf Children*1,
lmacturlough8o,Angel Beats*3,Gotoubun no Hanayome*5,Gintama*3,No title*0,
lmansuerqn,Akagami ga Shirayuki Hime*4,Durarara*5,Horimiya*3,Koe no Katachi: A Silent Voice*3,Koe no Katachi: A Silent Voice*3,No title*0,Psycho-Pass*5,
lmarsters90,Attack On Titan*3,Dragon Ball*1,Gintama*5,Konosuba*3,Konosuba*3,Oreagairu*2,ReLife*5,Tokyo Revengers*1,
lmattussevichqf,Attack On Titan*3,Fly Me to The Moon*1,Orange*3,Pokemon*2,Tokyo Ghoul*5,No title*0,Violet Evergarden*5,
lmckendo5z,Detective Conan*3,Hunter x Hunter*4,Naruto*5,Tomodachi Game*4,No title*0,
lmeynellz,Ao Haru Ride*1,Jujutsu Kaisen*1,Konosuba*1,Mieruko-Chan*2,Psycho-Pass*2,
lmoattkr,Bakemonogatari*1,Dragon Ball*5,Dragon Ball*5,Nagi no Asukara*3,No title*0,
lmontfortdm,Ao Haru Ride*5,Clannad*5,Detective Conan*3,Jojo's Bizarre Adventure*2,
lmunn3s,Akagami ga Shirayuki Hime*5,Fruit Basket*5,No title*0,Sword Art Online*2,Violet Evergarden*2,Violet Evergarden*4,
lnathon4q,Angel Beats*3,Classroom of The Elite*5,Classroom of The Elite*5,Dragon Ball*2,Gintama*4,Horimiya*2,Mieruko-Chan*2,Naruto*1,No title*0,ReLife*1,Violet Evergarden*1,White Album 2*2,
lniessgi,Darling in Franxx*3,Dragon Ball*2,Josee The Tiger and The Fish*2,Koe no Katachi: A Silent Voice*3,Noragami*2,No title*0,One Piece*3,Your Name*5,
loldcroftav,Black Clover*5,Darker than Black*4,Hunter x Hunter*1,White Album 2*1,
loxboroughn6,Akagami ga Shirayuki Hime*3,Attack On Titan*3,Bleach*1,Durarara*3,No title*0,White Album 2*4,
lpassfield6t,Fairy Tail*4,K-On*2,Nagi no Asukara*1,Seishun Buta Yarou*1,The Pet Girl of Sakurasou*2,
lpfifferfc,Charlotte*5,Golden Time*3,High School DxD*5,Sword Art Online*5,Sword Art Online*2,Tonari no Kaibutsu-kun*3,No title*0,
lpocockeib,Accel World*2,Clannad*5,
lsmolanbn,Bleach*2,Boku no Hero Academia*4,Demon Slayer*1,Initial D*5,No title*0,Pokemon*5,Tomodachi Game*2,Tomodachi Game*2,Wolf Children*5,
lszepeb7,Blue Exorcist*4,Darling in Franxx*3,Gotoubun no Hanayome*2,My Dress Up Darling*3,No title*0,Tokyo Revengers*1,Violet Evergarden*4,
lteissier8x,Detective Conan*5,Detective Conan*5,Fruit Basket*4,One Punch Man*1,Tsuki ga Kirei*1,
ltrailde,Charlotte*5,Fruit Basket*5,
ltriplowjc,Boruto*1,K-On*1,No Game No Life*5,Psycho-Pass*3,
ltwitteygc,Koe no Katachi: A Silent Voice*1,Pokemon*5,Tokyo Revengers*2,
lwhyleylk,Attack On Titan*3,Gintama*4,Jujutsu Kaisen*2,Jujutsu Kaisen*3,Naruto*5,Orange*2,
lyearbyl7,Accel World*4,Black Clover*3,Durarara*2,Fly Me to The Moon*2,Fly Me to The Moon*3,Noragami*3,Orange*2,Tate no Yuusha no Nariagari*4,
mannionpq,Dragon Ball*3,No title*0,Seishun Buta Yarou*1,
mbasshs,Jujutsu Kaisen*3,
mberkowitzbf,Akagami ga Shirayuki Hime*4,Akagami ga Shirayuki Hime*3,Hunter x Hunter*1,Initial D*3,K-On*1,K-On*4,Lucky Star*1,Mieruko-Chan*3,No title*0,Toradora*2,No title*0,Violet Evergarden*5,
mbrailsford6j,Akagami ga Shirayuki Hime*4,Black Clover*2,My Dress Up Darling*1,No title*0,Noragami*4,One Punch Man*4,Oreagairu*2,Tokyo Revengers*4,Wolf Children*4,
mcasson8d,Spy x Family*2,
mconanv,Ao Haru Ride*4,Classroom of The Elite*1,
mconnaughtonr3,Ao Haru Ride*1,Darling in Franxx*4,Jujutsu Kaisen*5,The Pet Girl of Sakurasou*4,The Pet Girl of Sakurasou*5,
mcrinioncp,Chuunibyou demo Koi ga Shitai*4,No title*0,Noragami*5,
mcrotherf4,Dragon Ball*3,Pokemon*1,
mcruickshanksff,Accel World*1,Accel World*1,Bleach*3,Darker than Black*3,Fly Me to The Moon*5,High School DxD*5,Kill la Kill*5,No title*0,Orange*3,Psycho-Pass*1,Rent a Girlfriend*3,Rent a Girlfriend*3,Rent a Girlfriend*3,Tomodachi Game*5,Your Lie in April*5,
mcucinottap0,Naruto*5,Re:Zero kara Hajimeru Isekai Seikatsu*4,
mdarte18,Classroom of The Elite*5,Konosuba*3,ReLife*2,
mdebernardiet,Assassination Classroom*3,Darker than Black*3,
mdegg41,Nisekoi*4,Rent a Girlfriend*1,Violet Evergarden*2,
mdevereuxcg,Golden Time*1,I Want to Eat Your Pancreas*5,Lucky Star*5,Masamune-Kun no Revenge*2,Tokyo Ravens*2,
mdizliep,Violet Evergarden*1,
mdooheyg3,Darling in Franxx*2,Fairy Tail*2,Gintama*4,Seishun Buta Yarou*4,
mduckero2,Accel World*4,Darker than Black*1,K-On*4,Rent a Girlfriend*1,Wonder Egg Priority*3,Your Name*4,
mdulintyd9,Assassination Classroom*5,Chuunibyou demo Koi ga Shitai*1,Date a Live*3,Horimiya*4,Jojo's Bizarre Adventure*3,Koe no Katachi: A Silent Voice*2,Koe no Katachi: A Silent Voice*2,Koe no Katachi: A Silent Voice*2,Naruto*3,Orange*2,Re:Zero kara Hajimeru Isekai Seikatsu*4,Tokyo Ghoul*5,
mellissennc,Akagami ga Shirayuki Hime*3,Ao Haru Ride*4,Assassination Classroom*3,Bakemonogatari*2,Clannad*5,Josee The Tiger and The Fish*3,Josee The Tiger and The Fish*1,No title*0,Tate no Yuusha no Nariagari*1,
memanuelli5g,Charlotte*3,Fairy Tail*4,I Want to Eat Your Pancreas*4,Tokyo Ghoul*2,Your Name*1,
mfaithornc4,Accel World*1,Blue Exorcist*1,Tomodachi Game*4,
mfeelybw,Accel World*1,Boku no Hero Academia*2,Fly Me to The Moon*4,Initial D*5,My Dress Up Darling*1,Rent a Girlfriend*2,Tokyo Ravens*5,
mferron5j,Gotoubun no Hanayome*4,Kill la Kill*5,Nisekoi*4,No title*0,Oreagairu*5,Oreagairu*5,Oreagairu*4,ReLife*3,ReLife*4,Tsuki ga Kirei*1,
mfreed9l,Anohana*2,Dragon Ball*3,Gotoubun no Hanayome*5,Jojo's Bizarre Adventure*4,Jojo's Bizarre Adventure*1,Koe no Katachi: A Silent Voice*1,My Dress Up Darling*3,Nagi no Asukara*4,No title*0,Violet Evergarden*1,
mgillow95,Initial D*4,Weathering With You*2,
mgounyb8,Akame ga Kill*1,Gintama*1,No title*0,
mgreethama6,Boruto*4,Kill la Kill*2,Nagi no Asukara*5,Tsuki ga Kirei*2,No title*0,Your Lie in April*2,
mhiddersley4m,Classroom of The Elite*3,Demon Slayer*5,Hunter x Hunter*4,Oreagairu*3,Seishun Buta Yarou*5,The Pet Girl of Sakurasou*3,Weathering With You*1,
mhowarthu,Akagami ga Shirayuki Hime*1,Bakemonogatari*5,K-On*2,No title*0,Sword Art Online*3,
mjakovijevicaz,Blue Exorcist*5,Charlotte*3,Darling in Franxx*4,Fly Me to The Moon*5,One Piece*2,Plastic Memories*2,Tokyo Ravens*1,
mjerischdx,Classroom of The Elite*5,Darling in Franxx*2,
mjerrandc9,Black Clover*1,Detective Conan*1,Koe no Katachi: A Silent Voice*3,Lucky Star*1,Wonder Egg Priority*5,
mkeddleks,Angel Beats*1,Bleach*4,Chuunibyou demo Koi ga Shitai*2,High School DxD*4,Josee The Tiger and The Fish*5,No title*0,No title*0,One Piece*5,Re:Zero kara Hajimeru Isekai Seikatsu*5,Toradora*1,No title*0,Weathering With You*3,
mkedslie4i,Durarara*1,
mkeetonec,Anohana*1,Boku no Hero Academia*3,Horimiya*3,Kimi ni Todoke*3,Kimi ni Todoke*3,Nisekoi*4,No title*0,Oreagairu*3,ReLife*2,Violet Evergarden*3,
mlarkkemc7,Demon Slayer*2,Tokyo Revengers*4,Your Lie in April*2,
mlipprose5q,Bleach*5,Jojo's Bizarre Adventure*5,One Piece*3,Plastic Memories*3,Sword Art Online*2,The Pet Girl of Sakurasou*1,
mlokerbr,Durarara*3,Violet Evergarden*4,Your Lie in April*3,
mlongfutjo,Accel World*2,Berserk*4,High School DxD*3,No title*0,No title*0,Tate no Yuusha no Nariagari*4,Violet Evergarden*1,
mlorydy,One Piece*2,
mmattonaf,Bakemonogatari*3,Date a Live*2,The Pet Girl of Sakurasou*5,
mmcgibbondr,Fly Me to The Moon*4,Fruit Basket*5,K-On*5,My Dress Up Darling*2,No Game No Life*3,No title*0,
mmcnirlin6s,Demon Slayer*1,Gintama*1,Rakudai Kishi no Calvary*2,Tokyo Revengers*2,Wolf Children*2,
mmolandln,Akagami ga Shirayuki Hime*4,I Want to Eat Your Pancreas*5,No title*0,Tomodachi Game*2,
moborneo,Fruit Basket*1,Golden Time*2,Konosuba*2,No Game No Life*2,No title*0,Pokemon*2,
moldiskh,Bleach*2,Detective Conan*1,Soul Eater*5,Violet Evergarden*4,
morgel3k,Angel Beats*4,Boku no Hero Academia*5,Date a Live*1,Gintama*5,Hunter x Hunter*4,Josee The Tiger and The Fish*4,Noragami*1,No title*0,Psycho-Pass*2,No title*0,Rakudai Kishi no Calvary*5,Your Name*2,
mpairemanl9,Accel World*5,Golden Time*3,Josee The Tiger and The Fish*3,Kaguya-sama: Love is War*2,Noragami*2,One Punch Man*1,Pokemon*1,
mpalera8,Your Lie in April*4,No title*0,
mpargenti,Akame ga Kill*1,Darling in Franxx*2,Darling in Franxx*1,Kill la Kill*1,Wolf Children*5,
mparradyeq6,Black Clover*4,Charlotte*1,Hunter x Hunter*1,Jujutsu Kaisen*2,Lucky Star*1,Nisekoi*5,No title*0,Psycho-Pass*3,Psycho-Pass*4,Rakudai Kishi no Calvary*2,Your Lie in April*4,
mposselwhitegx,Toradora*4,
mpovlsenir,Boruto*1,Nisekoi*5,Oreagairu*1,Tonari no Kaibutsu-kun*2,
mrantoullh,Accel World*4,Charlotte*3,Fairy Tail*2,Guilty Crown*4,Guilty Crown*4,Konosuba*4,No title*0,Psycho-Pass*3,Tokyo Ravens*4,
mreefpp,Gotoubun no Hanayome*5,Your Name*4,
mrevittb,Boruto*2,Darling in Franxx*1,Gotoubun no Hanayome*5,No Game No Life*4,Sword Art Online*4,Sword Art Online*4,Your Lie in April*5,
mridgewellj3,Bleach*3,Durarara*3,Fruit Basket*4,Violet Evergarden*3,
mrivallandh1,Fairy Tail*3,Kill la Kill*4,ReLife*3,White Album 2*5,
mrobroe1j,Boruto*4,Fly Me to The Moon*5,Hunter x Hunter*1,Initial D*1,No title*0,Naruto*3,No title*0,Oreagairu*5,Yu-Gi-Oh*2,
msimmerslq,Ao Haru Ride*1,Initial D*3,Kimi ni Todoke*3,Lucky Star*3,Nisekoi*3,Yu-Gi-Oh*3,
msmail3q,Assassination Classroom*3,Clannad*5,Gotoubun no Hanayome*5,Tonari no Kaibutsu-kun*2,
msolowaydh,Ao Haru Ride*4,Boruto*4,Fairy Tail*1,ReLife*1,Tsuki ga Kirei*5,Wonder Egg Priority*3,Your Lie in April*5,
mswepstonec0,Boruto*1,Horimiya*3,Jujutsu Kaisen*5,Rent a Girlfriend*4,
mtarpleeml,Gotoubun no Hanayome*4,Horimiya*2,Soul Eater*4,Tomodachi Game*1,Wonder Egg Priority*4,
mtebbed7,Fly Me to The Moon*2,No title*0,The Pet Girl of Sakurasou*5,
mtesmondlz,Bakemonogatari*1,Demon Slayer*2,Kaguya-sama: Love is War*2,Kaguya-sama: Love is War*1,One Punch Man*1,ReLife*4,Tokyo Ghoul*1,No title*0,Wonder Egg Priority*2,Yu-Gi-Oh*2,
mtimmermannp6,Akagami ga Shirayuki Hime*1,Bleach*5,Charlotte*1,Horimiya*2,Josee The Tiger and The Fish*2,No title*0,One Punch Man*3,Tokyo Ghoul*1,Wolf Children*3,
mtwiggslp,Dragon Ball*3,Tokyo Revengers*2,No title*0,Wonder Egg Priority*5,
mvonsalzberggr,Chuunibyou demo Koi ga Shitai*2,No title*0,Your Name*3,
mweightaj,Bakemonogatari*3,Dragon Ball*5,Fairy Tail*5,Konosuba*4,No title*0,Rent a Girlfriend*3,Tonari no Kaibutsu-kun*4,Weathering With You*1,
mwhyffen8v,Attack On Titan*5,Boruto*4,Boruto*4,Date a Live*3,Violet Evergarden*1,
mwildmv,Koe no Katachi: A Silent Voice*2,Soul Eater*4,Yu-Gi-Oh*3,
navesonhn,I Want to Eat Your Pancreas*5,Tomodachi Game*4,
nbows7d,Akame ga Kill*1,Guilty Crown*5,
nchippingjt,Assassination Classroom*4,Classroom of The Elite*2,Soul Eater*5,
ncowthartdd,Fly Me to The Moon*4,Kimi ni Todoke*2,Orange*2,Rent a Girlfriend*3,Tomodachi Game*1,
ndudlistonba,Boruto*2,I Want to Eat Your Pancreas*5,One Punch Man*5,Spy x Family*3,No title*0,Tokyo Ravens*4,Wolf Children*4,No title*0,
nedbrookem6,Fly Me to The Moon*4,K-On*5,No title*0,ReLife*4,Tomodachi Game*1,Tokyo Ravens*3,No title*0,
nemig3c,Black Clover*2,Charlotte*5,High School DxD*4,I Want to Eat Your Pancreas*5,Josee The Tiger and The Fish*2,Jojo's Bizarre Adventure*5,Josee The Tiger and The Fish*2,No title*0,No title*0,No title*0,Pokemon*1,
nfiddymontor,Blue Exorcist*5,Classroom of The Elite*3,Konosuba*3,Noragami*5,ReLife*4,Toradora*5,
ngorce5l,No Game No Life*3,No title*0,Tomodachi Game*5,
nhamme0,Akagami ga Shirayuki Hime*1,Boku no Hero Academia*2,Boku no Hero Academia*2,Boku no Hero Academia*2,Classroom of The Elite*3,Classroom of The Elite*3,Durarara*5,K-On*3,No title*0,No title*0,No title*0,Tonari no Kaibutsu-kun*5,
nhaskayne89,Anohana*3,Dragon Ball*1,Fly Me to The Moon*1,Gintama*2,Hunter x Hunter*4,Jujutsu Kaisen*4,Plastic Memories*4,Rakudai Kishi no Calvary*1,Tsuki ga Kirei*5,
nhurford3v,Accel World*5,Darling in Franxx*2,Seishun Buta Yarou*1,
nkhadird1,Attack On Titan*4,Black Clover*4,Golden Time*2,Your Lie in April*3,
nkimbroughe7,Angel Beats*2,Berserk*2,Masamune-Kun no Revenge*5,No title*0,Re:Zero kara Hajimeru Isekai Seikatsu*3,
nmacaneeu,Guilty Crown*4,Mieruko-Chan*4,Soul Eater*2,White Album 2*5,
nmarquezni,I Want to Eat Your Pancreas*5,Jujutsu Kaisen*1,Mieruko-Chan*4,No Game No Life*3,Spy x Family*3,Tokyo Revengers*3,Wolf Children*5,
nmatschoss8z,Accel World*5,Durarara*5,Fruit Basket*5,Re:Zero kara Hajimeru Isekai Seikatsu*1,
nmcglade65,Boku no Hero Academia*1,Classroom of The Elite*1,Classroom of The Elite*1,Darker than Black*5,High School DxD*1,Kimi ni Todoke*4,Oreagairu*3,Seishun Buta Yarou*2,Tomodachi Game*4,Tomodachi Game*4,Weathering With You*2,
nmedendorpfw,Bakemonogatari*1,Charlotte*3,Date a Live*3,Date a Live*3,I Want to Eat Your Pancreas*5,Koe no Katachi: A Silent Voice*1,Noragami*3,No title*0,No title*0,Psycho-Pass*2,
nmendozaoo,Blue Exorcist*3,Fly Me to The Moon*3,Rakudai Kishi no Calvary*5,
nmeneerep,Demon Slayer*1,Guilty Crown*1,Josee The Tiger and The Fish*3,No title*0,Tomodachi Game*2,
nnicklinsonm8,Akagami ga Shirayuki Hime*2,Boku no Hero Academia*5,Darker than Black*1,Horimiya*2,Horimiya*2,I Want to Eat Your Pancreas*4,I Want to Eat Your Pancreas*2,Kimi ni Todoke*3,No title*0,Tokyo Revengers*1,
nnoblett2p,Accel World*3,Dragon Ball*4,Fly Me to The Moon*2,Gotoubun no Hanayome*2,Josee The Tiger and The Fish*4,No title*0,
noseland56,Berserk*4,Berserk*1,Clannad*2,
npinar2s,Wonder Egg Priority*1,
nrowbottomf8,Accel World*3,Jujutsu Kaisen*4,Wolf Children*2,
nsandalax,Anohana*3,Bleach*1,Nisekoi*2,Pokemon*2,Rent a Girlfriend*5,Tokyo Revengers*5,No title*0,
nscullardhx,Darling in Franxx*5,No Game No Life*4,No title*0,
nstollenjz,Attack On Titan*3,Initial D*2,Lucky Star*1,Violet Evergarden*3,White Album 2*5,
nvonweldenlt,Gotoubun no Hanayome*3,Kaguya-sama: Love is War*4,No title*0,Violet Evergarden*1,
obarnsny,Bleach*2,Boruto*3,Fruit Basket*1,No Game No Life*4,No title*0,Orange*2,Rakudai Kishi no Calvary*1,Wolf Children*4,
ocorneljes85,Assassination Classroom*4,Blue Exorcist*2,Clannad*5,Clannad*2,Durarara*3,High School DxD*3,K-On*1,No Game No Life*4,No title*0,Spy x Family*3,Yu-Gi-Oh*2,
ocruse1t,Accel World*3,Kimi ni Todoke*2,
oskoof2v,Wolf Children*5,
ostonuarych,Angel Beats*5,Koe no Katachi: A Silent Voice*2,Plastic Memories*1,Tokyo Ghoul*3,
otaberer1x,Attack On Titan*1,Black Clover*3,I Want to Eat Your Pancreas*3,Mieruko-Chan*4,Wolf Children*4,Your Name*3,
otaggart6f,Akagami ga Shirayuki Hime*1,Boku no Hero Academia*2,Gotoubun no Hanayome*2,Kill la Kill*5,Spy x Family*4,Tomodachi Game*1,No title*0,
otauntonn0,Akame ga Kill*2,Hunter x Hunter*5,I Want to Eat Your Pancreas*2,Konosuba*2,No Game No Life*1,Rent a Girlfriend*3,
ovidgeoniv,Ao Haru Ride*5,Your Name*1,
oworthingcu,Accel World*5,Chuunibyou demo Koi ga Shitai*5,Fairy Tail*4,Konosuba*5,Oreagairu*2,Plastic Memories*4,Tokyo Ravens*1,
owykep3,Chuunibyou demo Koi ga Shitai*2,Darling in Franxx*3,Fly Me to The Moon*1,Jojo's Bizarre Adventure*4,Konosuba*5,Rent a Girlfriend*1,No title*0,Toradora*2,No title*0,Weathering With You*4,
paingellcr,Darling in Franxx*3,No title*0,ReLife*1,Your Lie in April*1,
palbasinioq,Bakemonogatari*5,Durarara*2,Durarara*2,Durarara*2,Golden Time*2,Horimiya*4,I Want to Eat Your Pancreas*3,Masamune-Kun no Revenge*2,No Game No Life*3,No title*0,Violet Evergarden*5,
palenikovt,Accel World*3,Ao Haru Ride*1,My Dress Up Darling*4,No title*0,Tokyo Revengers*1,
pancketillna,Dragon Ball*2,Gintama*1,Kaguya-sama: Love is War*4,My Dress Up Darling*4,Orange*5,
pbernardottim7,Akame ga Kill*5,Boruto*2,Nisekoi*3,
pblaszczynskij4,Anohana*3,Boku no Hero Academia*1,Detective Conan*2,Fairy Tail*2,No title*0,No title*0,Orange*1,Toradora*4,
pchansonneke,Blue Exorcist*5,Darker than Black*3,ReLife*1,Your Lie in April*5,
pcrosbie30,Accel World*3,Black Clover*4,I Want to Eat Your Pancreas*5,Kill la Kill*5,No title*0,Soul Eater*4,Wolf Children*3,
pcutfordce,Fairy Tail*2,Koe no Katachi: A Silent Voice*1,Lucky Star*4,Wolf Children*2,
pdobelldv,Akagami ga Shirayuki Hime*3,Black Clover*1,Nisekoi*2,Nisekoi*1,Nisekoi*3,No title*0,Toradora*3,
pdurie6e,Classroom of The Elite*3,
pfannlh,I Want to Eat Your Pancreas*3,
pfield5k,I Want to Eat Your Pancreas*1,One Piece*1,ReLife*4,ReLife*1,
pgebhardb3,Dragon Ball*4,Fairy Tail*4,Wonder Egg Priority*4,
pgeckkx,Darker than Black*4,K-On*2,Masamune-Kun no Revenge*1,Noragami*3,Rakudai Kishi no Calvary*1,Tokyo Ghoul*3,Weathering With You*5,
pgrutg,Ao Haru Ride*4,Boku no Hero Academia*4,Chuunibyou demo Koi ga Shitai*5,Konosuba*2,Pokemon*2,Re:Zero kara Hajimeru Isekai Seikatsu*1,Re:Zero kara Hajimeru Isekai Seikatsu*5,Wolf Children*3,
phealingkl,Angel Beats*2,Darker than Black*3,Fruit Basket*2,Fruit Basket*2,Jujutsu Kaisen*5,Kimi ni Todoke*1,Seishun Buta Yarou*5,Tsuki ga Kirei*3,
pjakubowiczq7,Black Clover*5,Chuunibyou demo Koi ga Shitai*2,Dragon Ball*5,No Game No Life*3,White Album 2*1,
plavisdl,Akagami ga Shirayuki Hime*4,Josee The Tiger and The Fish*1,Konosuba*2,My Dress Up Darling*4,My Dress Up Darling*4,Psycho-Pass*1,Seishun Buta Yarou*3,Tsuki ga Kirei*1,Wonder Egg Priority*4,
plidgardcq,Boku no Hero Academia*3,Hunter x Hunter*4,No title*0,
pmoberleybg,Gintama*3,No title*0,No title*0,Rent a Girlfriend*2,Spy x Family*4,
pmurrhardt8t,Attack On Titan*1,Gotoubun no Hanayome*5,Hunter x Hunter*3,Konosuba*3,Naruto*4,Rent a Girlfriend*5,No title*0,
priha8p,Assassination Classroom*4,Chuunibyou demo Koi ga Shitai*4,Fly Me to The Moon*1,Fly Me to The Moon*2,
pthiolierqw,Nagi no Asukara*1,Weathering With You*5,
pthursbyq2,Classroom of The Elite*5,Gotoubun no Hanayome*4,Nagi no Asukara*1,Tokyo Revengers*4,
pugolettiae,Fairy Tail*1,Kimi ni Todoke*1,Mieruko-Chan*5,One Piece*5,Sword Art Online*3,No title*0,The Pet Girl of Sakurasou*5,
pwegenena3,Tokyo Revengers*3,
qgoslini4,Accel World*3,Detective Conan*5,I Want to Eat Your Pancreas*2,I Want to Eat Your Pancreas*4,Koe no Katachi: A Silent Voice*4,No title*0,Tonari no Kaibutsu-kun*3,
qharmond84,Accel World*4,Fly Me to The Moon*2,I Want to Eat Your Pancreas*4,Josee The Tiger and The Fish*1,Oreagairu*2,Your Name*2,
qpedler35,Boruto*1,Dragon Ball*1,Violet Evergarden*1,Your Lie in April*1,
raccum3g,Demon Slayer*3,Fairy Tail*2,Pokemon*1,Rent a Girlfriend*5,
razamdj,Anohana*5,Hunter x Hunter*2,Hunter x Hunter*2,Plastic Memories*3,Rakudai Kishi no Calvary*5,Tate no Yuusha no Nariagari*2,
rbalfc6,Dragon Ball*1,Wonder Egg Priority*4,
rbeazer8b,Jujutsu Kaisen*5,Lucky Star*1,
rbrettellenq,Blue Exorcist*5,Classroom of The Elite*5,Jujutsu Kaisen*2,Mieruko-Chan*2,No Game No Life*2,No Game No Life*1,Tokyo Ghoul*1,
rbrownlee3j,Nisekoi*4,Tomodachi Game*1,White Album 2*3,
rburdyttg7,Toradora*3,
rburlingameqd,Darker than Black*4,Fruit Basket*5,Nagi no Asukara*2,
rcarous7f,Gintama*5,Nisekoi*5,No title*0,Spy x Family*4,Tokyo Ravens*1,Violet Evergarden*5,White Album 2*5,White Album 2*2,
rchiplenpz,Angel Beats*4,Dragon Ball*3,Gotoubun no Hanayome*2,Initial D*3,Initial D*3,One Punch Man*1,ReLife*4,
rclymerko,Darker than Black*1,High School DxD*2,Noragami*1,
rcollinger,Demon Slayer*4,Rakudai Kishi no Calvary*2,Soul Eater*2,
rconklingy,Berserk*5,Fruit Basket*4,Guilty Crown*1,Jujutsu Kaisen*5,K-On*2,Noragami*3,Tsuki ga Kirei*5,Yu-Gi-Oh*5,
rcornerl0,Ao Haru Ride*3,Hunter x Hunter*1,White Album 2*1,
rcraythorn46,Accel World*3,Berserk*4,Clannad*2,Guilty Crown*5,Sword Art Online*4,
rcrowdok,Jujutsu Kaisen*3,Psycho-Pass*4,
rdalgarnochtls,Bakemonogatari*2,Classroom of The Elite*5,I Want to Eat Your Pancreas*4,Masamune-Kun no Revenge*2,Noragami*4,One Punch Man*4,
rdaskiewicze4,Hunter x Hunter*5,Kaguya-sama: Love is War*5,Your Name*2,
rdobinson76,Anohana*5,Blue Exorcist*1,Blue Exorcist*1,Dragon Ball*3,Gintama*4,No title*0,Oreagairu*2,Oreagairu*2,Spy x Family*2,
rfillary60,Ao Haru Ride*5,Bakemonogatari*5,Hunter x Hunter*4,Hunter x Hunter*1,Jujutsu Kaisen*1,Noragami*2,One Punch Man*1,Tokyo Revengers*1,No title*0,Violet Evergarden*4,
rfrenchum1m,Konosuba*1,
rgrimmerdq,Assassination Classroom*5,Black Clover*5,Black Clover*1,Classroom of The Elite*1,Jujutsu Kaisen*4,My Dress Up Darling*2,No title*0,ReLife*1,Sword Art Online*2,Wonder Egg Priority*2,Wonder Egg Priority*5,
rgrundle4o,Violet Evergarden*3,
rguido26,Chuunibyou demo Koi ga Shitai*3,Chuunibyou demo Koi ga Shitai*4,Fruit Basket*2,My Dress Up Darling*3,No title*0,Soul Eater*4,Tokyo Revengers*1,Your Name*4,
rgurnay4z,Darker than Black*3,Fruit Basket*4,Golden Time*2,Mieruko-Chan*3,Naruto*4,Spy x Family*1,
rgyorffypt,Plastic Memories*1,
rharroldix,Akame ga Kill*1,Nagi no Asukara*1,Re:Zero kara Hajimeru Isekai Seikatsu*1,Soul Eater*4,Your Lie in April*1,
rhuddles1g,Boku no Hero Academia*1,Durarara*2,Naruto*5,The Pet Girl of Sakurasou*4,
ritzhaki1e,Angel Beats*1,I Want to Eat Your Pancreas*5,Konosuba*3,Noragami*5,ReLife*2,
rjedrysikot,Blue Exorcist*3,Orange*3,Orange*3,Rent a Girlfriend*5,Spy x Family*1,
rkennermannic,Bleach*3,Charlotte*4,Guilty Crown*5,Kill la Kill*3,Mieruko-Chan*4,Mieruko-Chan*1,Pokemon*5,Sword Art Online*4,Toradora*1,No title*0,
rkristufekd8,Blue Exorcist*2,
rlandaa,Berserk*2,Chuunibyou demo Koi ga Shitai*1,Initial D*4,Masamune-Kun no Revenge*1,Naruto*3,Soul Eater*2,
rlawshg,Attack On Titan*3,Boku no Hero Academia*2,Josee The Tiger and The Fish*2,No title*0,No title*0,Plastic Memories*1,Tsuki ga Kirei*4,Yu-Gi-Oh*1,
rlingardie,Akame ga Kill*1,Boruto*3,Fairy Tail*1,Golden Time*4,Initial D*3,Kaguya-sama: Love is War*2,No title*0,One Punch Man*2,Toradora*5,
rlitster7k,Fairy Tail*1,Fairy Tail*5,Josee The Tiger and The Fish*4,Masamune-Kun no Revenge*5,Psycho-Pass*3,The Pet Girl of Sakurasou*1,
rmatuschekii,Attack On Titan*2,Black Clover*2,Demon Slayer*2,Josee The Tiger and The Fish*1,Oreagairu*1,Plastic Memories*5,
rmcgiffinbq,Durarara*1,Jojo's Bizarre Adventure*5,
rmewburnnw,Darling in Franxx*3,Jojo's Bizarre Adventure*1,Jojo's Bizarre Adventure*4,Koe no Katachi: A Silent Voice*3,Lucky Star*1,Spy x Family*5,
rmirfin4j,Charlotte*4,Fairy Tail*1,Psycho-Pass*4,Sword Art Online*5,Tonari no Kaibutsu-kun*2,Violet Evergarden*2,Weathering With You*4,Weathering With You*5,
rmontacuteiq,Attack On Titan*1,Dragon Ball*2,Re:Zero kara Hajimeru Isekai Seikatsu*5,Tokyo Ghoul*5,
rranken2d,Berserk*5,Darker than Black*3,No title*0,Tonari no Kaibutsu-kun*5,
rriccardoj6,Ao Haru Ride*1,Boruto*1,Hunter x Hunter*4,Jujutsu Kaisen*3,My Dress Up Darling*3,No title*0,One Piece*1,Tate no Yuusha no Nariagari*2,Violet Evergarden*2,Wolf Children*4,
rrowet3h,Guilty Crown*4,No title*0,Orange*2,Tomodachi Game*2,
rscragg8h,Akame ga Kill*4,Black Clover*2,Date a Live*1,Kimi ni Todoke*1,Nisekoi*1,The Pet Girl of Sakurasou*5,
rscurrnb,Fairy Tail*5,Konosuba*4,
rserjent87,Fly Me to The Moon*1,Initial D*4,Nagi no Asukara*1,ReLife*1,Tsuki ga Kirei*3,
rshevellr9,Assassination Classroom*1,Berserk*4,Fly Me to The Moon*5,Gotoubun no Hanayome*5,Konosuba*4,Sword Art Online*2,Tomodachi Game*3,Wolf Children*3,
rsinnattqe,Clannad*5,No title*0,Psycho-Pass*1,Tate no Yuusha no Nariagari*4,
rsoggm2,Darling in Franxx*3,Fruit Basket*4,Gintama*3,K-On*3,No title*0,Pokemon*3,Tsuki ga Kirei*1,
rspohrmannfx,Assassination Classroom*1,Demon Slayer*3,White Album 2*5,
rstqueninoc,Jojo's Bizarre Adventure*5,
rswaddle97,Boku no Hero Academia*1,My Dress Up Darling*2,Noragami*4,One Piece*2,Psycho-Pass*5,Soul Eater*4,Toradora*4,
rswindinf9,Black Clover*2,Jujutsu Kaisen*4,Koe no Katachi: A Silent Voice*1,No title*0,Re:Zero kara Hajimeru Isekai Seikatsu*2,Re:Zero kara Hajimeru Isekai Seikatsu*2,Wolf Children*4,No title*0,Yu-Gi-Oh*3,
rtrevillion66,Kill la Kill*2,Rakudai Kishi no Calvary*4,Seishun Buta Yarou*2,White Album 2*2,Yu-Gi-Oh*3,
rtrubshawe6z,Attack On Titan*4,
rtupp6h,Blue Exorcist*3,Fly Me to The Moon*5,
rwaddamsc,Koe no Katachi: A Silent Voice*1,No title*0,Tonari no Kaibutsu-kun*5,
rwaddiloverq,Boruto*2,Golden Time*1,Horimiya*3,My Dress Up Darling*3,Pokemon*4,
rwhapplesn7,Akagami ga Shirayuki Hime*4,No title*0,
rwillgooseq3,Charlotte*3,Demon Slayer*5,Orange*3,ReLife*4,Your Name*4,
rwoodfinqu,Blue Exorcist*2,Initial D*1,
rwrought1k,Fairy Tail*4,Jujutsu Kaisen*2,
rwyliems,Initial D*3,Seishun Buta Yarou*3,
ryarnold7w,Chuunibyou demo Koi ga Shitai*1,My Dress Up Darling*2,Tonari no Kaibutsu-kun*3,White Album 2*4,
ryewdale8m,Boku no Hero Academia*5,Boku no Hero Academia*5,Darker than Black*5,Hunter x Hunter*4,Konosuba*2,Konosuba*2,Konosuba*2,My Dress Up Darling*5,My Dress Up Darling*5,No title*0,Tokyo Ghoul*4,Tokyo Ghoul*4,Yu-Gi-Oh*5,No title*0,
samiranda2c,Anohana*4,Blue Exorcist*2,Fly Me to The Moon*3,Josee The Tiger and The Fish*4,Sword Art Online*1,Wonder Egg Priority*4,
saysikr6,Gotoubun no Hanayome*4,Josee The Tiger and The Fish*4,Tokyo Ravens*2,Wonder Egg Priority*5,
sbichenocn,No title*0,Soul Eater*2,Tokyo Revengers*2,
sblore34,Mieruko-Chan*2,No title*0,Tokyo Revengers*2,Wolf Children*2,
sbroeh6,Jojo's Bizarre Adventure*1,Kill la Kill*2,Lucky Star*5,Soul Eater*5,
sclausenf0,Rent a Girlfriend*5,White Album 2*3,
scusworth0,Accel World*4,Clannad*2,Clannad*2,My Dress Up Darling*4,Toradora*3,No title*0,Wolf Children*5,
scysterk2,Accel World*3,Jujutsu Kaisen*4,No Game No Life*2,No title*0,
sdawtre6r,Boku no Hero Academia*2,Clannad*3,Clannad*4,Darling in Franxx*3,Jujutsu Kaisen*4,Mieruko-Chan*2,No title*0,No title*0,Psycho-Pass*1,Tonari no Kaibutsu-kun*4,
sdelaharpe3o,Demon Slayer*5,Kaguya-sama: Love is War*4,My Dress Up Darling*2,Tsuki ga Kirei*4,
sdorrelc,Kill la Kill*3,
sdunning5m,Nagi no Asukara*3,No title*0,Psycho-Pass*2,The Pet Girl of Sakurasou*2,
sedardsim,Darker than Black*1,No title*0,Pokemon*2,Rent a Girlfriend*4,
sedgington24,Ao Haru Ride*2,Boruto*3,Classroom of The Elite*2,Rakudai Kishi no Calvary*2,Sword Art Online*2,Tomodachi Game*5,No title*0,
sfalkinghamq9,Akagami ga Shirayuki Hime*1,Ao Haru Ride*5,Clannad*3,Guilty Crown*5,Hunter x Hunter*1,Hunter x Hunter*1,Josee The Tiger and The Fish*2,Kill la Kill*5,Lucky Star*5,No title*0,Your Name*5,
sfreeburneh,Gotoubun no Hanayome*5,Horimiya*2,Kill la Kill*3,Orange*1,Sword Art Online*5,
sgirardeyd4,Demon Slayer*5,Lucky Star*1,No title*0,Rent a Girlfriend*1,Seishun Buta Yarou*4,Tate no Yuusha no Nariagari*4,Wonder Egg Priority*5,
sgofforthpl,Bleach*2,I Want to Eat Your Pancreas*3,Josee The Tiger and The Fish*3,Kimi ni Todoke*3,Nagi no Asukara*2,ReLife*4,
sgoodlattnr,Attack On Titan*2,Blue Exorcist*5,Kill la Kill*4,Soul Eater*2,
sharoldda,Jujutsu Kaisen*1,No Game No Life*4,
shousbyhl,Jujutsu Kaisen*4,Kaguya-sama: Love is War*5,Spy x Family*5,
shovenden1y,Assassination Classroom*3,No title*0,
sivasyushkinck,Accel World*4,Boruto*3,Durarara*5,Durarara*5,Konosuba*5,Konosuba*2,Noragami*2,Rent a Girlfriend*3,Spy x Family*1,Tokyo Revengers*3,
smacduffie8,I Want to Eat Your Pancreas*2,No Game No Life*2,ReLife*1,Spy x Family*4,Tomodachi Game*2,
smapsei,Akagami ga Shirayuki Hime*2,Blue Exorcist*2,My Dress Up Darling*5,Spy x Family*4,Weathering With You*2,
smatulap4,Orange*2,Toradora*2,White Album 2*3,
smccoidji,Durarara*2,Hunter x Hunter*4,Jujutsu Kaisen*4,Lucky Star*5,
smowena1,Charlotte*4,Pokemon*5,Spy x Family*1,
snolothr,Accel World*5,Koe no Katachi: A Silent Voice*3,Spy x Family*5,White Album 2*2,
sounsworthiz,Assassination Classroom*2,Fly Me to The Moon*2,Initial D*4,Rakudai Kishi no Calvary*5,
sparramoreog,Chuunibyou demo Koi ga Shitai*3,Fly Me to The Moon*1,My Dress Up Darling*3,One Piece*1,
spiquardmi,Akagami ga Shirayuki Hime*4,Blue Exorcist*3,Blue Exorcist*3,Hunter x Hunter*5,Kimi ni Todoke*1,My Dress Up Darling*3,No title*0,Soul Eater*4,Tate no Yuusha no Nariagari*3,
splumbco,Akagami ga Shirayuki Hime*4,Bakemonogatari*3,Demon Slayer*3,Initial D*4,Koe no Katachi: A Silent Voice*3,Noragami*1,Violet Evergarden*5,Your Lie in April*4,
spontond3,Boku no Hero Academia*1,Date a Live*1,Josee The Tiger and The Fish*2,No title*0,Soul Eater*3,Wonder Egg Priority*5,
spoolmanlx,Josee The Tiger and The Fish*3,Koe no Katachi: A Silent Voice*1,Noragami*4,Seishun Buta Yarou*4,Tonari no Kaibutsu-kun*3,Violet Evergarden*5,
squest7g,Demon Slayer*1,Nisekoi*5,
sranaldjs,Guilty Crown*5,Horimiya*2,Orange*3,Sword Art Online*3,Toradora*5,
srennn8,Kill la Kill*2,No Game No Life*1,
sringsellht,My Dress Up Darling*3,Tonari no Kaibutsu-kun*5,
srosendorfol,Assassination Classroom*5,Golden Time*1,Jujutsu Kaisen*5,Tsuki ga Kirei*5,
ssaladineq1,Orange*4,Sword Art Online*1,
sscala4f,Berserk*3,Chuunibyou demo Koi ga Shitai*2,Dragon Ball*4,Dragon Ball*4,Gotoubun no Hanayome*5,Josee The Tiger and The Fish*3,No Game No Life*3,Tokyo Revengers*3,Wolf Children*4,Your Lie in April*3,
sslott1v,Guilty Crown*4,Rent a Girlfriend*5,Tate no Yuusha no Nariagari*2,
ssoall93,Gintama*4,Kimi ni Todoke*1,Nagi no Asukara*4,One Piece*4,
sstocky55,Jojo's Bizarre Adventure*2,My Dress Up Darling*1,One Punch Man*3,
sstuddhb,Ao Haru Ride*1,Fruit Basket*4,Tokyo Revengers*1,
sthunderchief2i,Berserk*1,Clannad*1,Lucky Star*5,Lucky Star*1,No title*0,ReLife*3,
stomkowicznx,Charlotte*2,Darker than Black*3,High School DxD*3,Nisekoi*2,
strimming9p,Accel World*5,Kimi ni Todoke*4,Nisekoi*1,Nisekoi*5,No title*0,Tsuki ga Kirei*1,
svasilyevski5f,Anohana*1,Chuunibyou demo Koi ga Shitai*3,Durarara*2,Jojo's Bizarre Adventure*2,Noragami*3,Psycho-Pass*5,Spy x Family*2,No title*0,Your Lie in April*5,
svossgenrd,Rent a Girlfriend*2,
swilkersonhw,Jojo's Bizarre Adventure*4,
syedall43,Akame ga Kill*2,The Pet Girl of Sakurasou*3,Violet Evergarden*3,
talbertson8e,Orange*2,Tonari no Kaibutsu-kun*3,Wolf Children*1,Yu-Gi-Oh*3,
talexsandrovichje,Anohana*3,Charlotte*2,Charlotte*4,Detective Conan*5,Gintama*3,Jojo's Bizarre Adventure*2,Oreagairu*1,Spy x Family*5,Tonari no Kaibutsu-kun*4,
tander7j,Bleach*4,Fruit Basket*2,Koe no Katachi: A Silent Voice*4,Mieruko-Chan*2,Tokyo Ravens*5,
tbeldhamaa,Akame ga Kill*3,Dragon Ball*1,Horimiya*5,Kill la Kill*3,My Dress Up Darling*1,No title*0,Tonari no Kaibutsu-kun*2,
tbonnysonk,Anohana*3,Black Clover*4,No Game No Life*3,Psycho-Pass*3,Sword Art Online*4,The Pet Girl of Sakurasou*1,
tbriscoo8,Blue Exorcist*2,Guilty Crown*5,K-On*5,Nisekoi*4,Tokyo Revengers*2,Yu-Gi-Oh*3,
tcasoned2,Black Clover*5,No title*0,
tchateaudi,Anohana*3,Chuunibyou demo Koi ga Shitai*3,Horimiya*4,Kaguya-sama: Love is War*5,Noragami*2,Psycho-Pass*5,Sword Art Online*5,Sword Art Online*5,Your Name*1,
tcurzon11,Anohana*2,Fly Me to The Moon*1,Josee The Tiger and The Fish*4,Mieruko-Chan*5,Oreagairu*1,Pokemon*1,Spy x Family*4,
tdennerm,Assassination Classroom*2,Durarara*5,Durarara*2,Fruit Basket*1,Golden Time*4,Konosuba*4,
tdupreyfa,Golden Time*4,Horimiya*3,Tsuki ga Kirei*4,Weathering With You*1,
tflannigan5y,Konosuba*5,Masamune-Kun no Revenge*2,Tokyo Revengers*1,
tfreelv,Darling in Franxx*4,Kill la Kill*3,Nagi no Asukara*1,
tgout8r,Charlotte*3,Classroom of The Elite*4,Golden Time*5,No title*0,Oreagairu*3,
thamlingtonip,Fruit Basket*2,Jojo's Bizarre Adventure*5,Konosuba*1,Spy x Family*4,
thaneydt,Initial D*5,My Dress Up Darling*3,Sword Art Online*5,Tsuki ga Kirei*4,No title*0,Tsuki ga Kirei*4,Weathering With You*4,Yu-Gi-Oh*4,
tjune4s,Bleach*4,Detective Conan*2,Kaguya-sama: Love is War*4,Sword Art Online*5,
tjuszkiewicz20,Attack On Titan*2,No title*0,Psycho-Pass*5,Soul Eater*3,
tkynetonqg,Clannad*3,Darker than Black*1,Gotoubun no Hanayome*4,One Piece*1,Sword Art Online*2,Tokyo Ravens*5,
tlakey4d,Attack On Titan*3,Charlotte*1,Hunter x Hunter*1,My Dress Up Darling*2,My Dress Up Darling*2,Naruto*3,Naruto*2,Psycho-Pass*4,Re:Zero kara Hajimeru Isekai Seikatsu*4,
tlehrerk8,Nisekoi*4,Rent a Girlfriend*5,
tleidlm4,Assassination Classroom*5,Darker than Black*4,Gotoubun no Hanayome*3,Noragami*3,Plastic Memories*4,
tlippardjw,Anohana*4,Detective Conan*3,No title*0,Tate no Yuusha no Nariagari*5,
tlohrensen7l,Blue Exorcist*1,Fairy Tail*3,High School DxD*2,Josee The Tiger and The Fish*5,Josee The Tiger and The Fish*5,Lucky Star*5,No title*0,Rakudai Kishi no Calvary*1,Your Lie in April*3,Your Lie in April*2,
tmcrory4u,Attack On Titan*3,Bakemonogatari*3,One Punch Man*2,Rent a Girlfriend*3,Tomodachi Game*3,Your Name*3,
tmordek5,Darker than Black*1,High School DxD*1,Josee The Tiger and The Fish*2,Lucky Star*3,
tnairn64,Kimi ni Todoke*5,ReLife*4,Soul Eater*3,
togglebiego,Chuunibyou demo Koi ga Shitai*3,Demon Slayer*4,No Game No Life*4,Plastic Memories*4,Tomodachi Game*4,Tomodachi Game*4,Weathering With You*4,
tokehv,Akagami ga Shirayuki Hime*3,
tpaddonj8,Gintama*1,Naruto*1,Naruto*1,Weathering With You*4,
tpuddefootlr,Oreagairu*2,White Album 2*1,Yu-Gi-Oh*3,
tradwelld,Gintama*5,Josee The Tiger and The Fish*5,Tsuki ga Kirei*4,Wolf Children*2,
tscaplehornn3,Gintama*1,No title*0,Tsuki ga Kirei*4,
tskipseyov,Accel World*5,K-On*3,Rent a Girlfriend*1,
tsnoad1b,High School DxD*4,Koe no Katachi: A Silent Voice*2,No title*0,Orange*4,
tstorror62,Bleach*4,Charlotte*5,Date a Live*4,No Game No Life*5,No title*0,Tokyo Ghoul*1,
tworkmanju,I Want to Eat Your Pancreas*5,ReLife*5,
tyaneevhz,I Want to Eat Your Pancreas*5,Konosuba*2,Seishun Buta Yarou*2,Tonari no Kaibutsu-kun*3,Wolf Children*5,
tyanezqt,Akagami ga Shirayuki Hime*2,Darling in Franxx*3,Kill la Kill*1,Rent a Girlfriend*1,Rent a Girlfriend*1,Tomodachi Game*2,
ukopmanjp,Charlotte*3,No title*0,Rent a Girlfriend*1,
upreciouspm,Clannad*4,Durarara*2,Guilty Crown*5,Initial D*4,Tomodachi Game*2,Tokyo Revengers*2,No title*0,Weathering With You*3,
uwallentin9y,Ao Haru Ride*5,Durarara*4,Durarara*4,No title*0,ReLife*1,No title*0,
vailmero3,Gintama*2,
vanyongm,Ao Haru Ride*5,Boruto*3,Chuunibyou demo Koi ga Shitai*4,Fly Me to The Moon*5,Golden Time*3,
varchibaldox,Angel Beats*4,Berserk*3,Classroom of The Elite*2,Detective Conan*3,
varnold6,Akame ga Kill*2,Boruto*2,High School DxD*4,Koe no Katachi: A Silent Voice*3,No title*0,Oreagairu*1,Sword Art Online*5,
vbecksonpc,Attack On Titan*3,Berserk*3,No title*0,Tomodachi Game*3,Weathering With You*2,
vblundines,Darling in Franxx*2,Horimiya*3,Konosuba*2,Tokyo Ravens*2,Tokyo Ravens*2,Your Name*5,
vcanepe8a,Akagami ga Shirayuki Hime*4,I Want to Eat Your Pancreas*2,Josee The Tiger and The Fish*1,Pokemon*1,Rent a Girlfriend*2,Sword Art Online*2,
vdeatond5,Akame ga Kill*1,Durarara*5,Durarara*5,Durarara*5,Gotoubun no Hanayome*3,I Want to Eat Your Pancreas*5,Orange*1,Your Lie in April*5,
vdelmonteky,Akagami ga Shirayuki Hime*5,Black Clover*2,Darker than Black*1,Guilty Crown*2,
vdenver2l,Blue Exorcist*4,Blue Exorcist*5,Darker than Black*2,Lucky Star*3,Mieruko-Chan*2,Spy x Family*1,Spy x Family*1,White Album 2*3,Your Name*3,
vdowglass1l,Attack On Titan*1,Gotoubun no Hanayome*3,Jujutsu Kaisen*5,Nagi no Asukara*5,No title*0,Psycho-Pass*2,ReLife*1,Seishun Buta Yarou*4,Seishun Buta Yarou*1,
vferrinis,Akame ga Kill*5,Konosuba*3,No title*0,Tonari no Kaibutsu-kun*1,Weathering With You*1,
vharmouree,Bakemonogatari*5,White Album 2*3,
vin1200,One Piece*5,
vkhristyukhinq8,Tokyo Revengers*2,
vlangloism5,Akagami ga Shirayuki Hime*4,Boruto*1,Durarara*3,Demon Slayer*2,Durarara*3,I Want to Eat Your Pancreas*2,My Dress Up Darling*5,No title*0,Re:Zero kara Hajimeru Isekai Seikatsu*2,Tokyo Revengers*4,
vmcquorkelfp,Blue Exorcist*1,Clannad*2,Koe no Katachi: A Silent Voice*5,Koe no Katachi: A Silent Voice*5,No title*0,Psycho-Pass*4,No title*0,Your Lie in April*3,
vputtennf,Bakemonogatari*4,Jujutsu Kaisen*2,Jujutsu Kaisen*2,Kimi ni Todoke*3,No title*0,No title*0,The Pet Girl of Sakurasou*2,
vsaffran7p,Fly Me to The Moon*5,Nagi no Asukara*1,One Punch Man*4,Rakudai Kishi no Calvary*3,Sword Art Online*2,Tokyo Ghoul*2,
vsiddaleyri,Classroom of The Elite*5,Spy x Family*2,
vsidney9n,Berserk*4,Blue Exorcist*4,Classroom of The Elite*1,Clannad*3,Classroom of The Elite*1,Fairy Tail*3,Koe no Katachi: A Silent Voice*2,Koe no Katachi: A Silent Voice*1,No title*0,Tsuki ga Kirei*1,No title*0,
vsouthern8c,Bakemonogatari*3,Date a Live*3,Oreagairu*3,Wonder Egg Priority*4,
vsteptowe8y,Demon Slayer*2,Orange*3,Pokemon*2,No title*0,The Pet Girl of Sakurasou*4,The Pet Girl of Sakurasou*3,
vvanveldenp,Initial D*1,K-On*4,One Punch Man*5,Rent a Girlfriend*1,No title*0,
wabbemd,Fruit Basket*4,Orange*4,
wcaseborneo9,Boku no Hero Academia*2,Guilty Crown*1,Hunter x Hunter*4,Jujutsu Kaisen*1,Jujutsu Kaisen*1,Kill la Kill*3,No Game No Life*2,No title*0,ReLife*3,Tomodachi Game*1,
wdallewaterc3,Accel World*3,Golden Time*4,I Want to Eat Your Pancreas*4,No title*0,One Punch Man*5,
wdidsburyle,Akagami ga Shirayuki Hime*4,Date a Live*1,
wdoel13,Akame ga Kill*3,Bakemonogatari*5,Demon Slayer*2,Tokyo Ghoul*4,Violet Evergarden*5,Violet Evergarden*5,
wewbanckqp,Demon Slayer*3,Josee The Tiger and The Fish*3,Masamune-Kun no Revenge*4,No Game No Life*1,
wglanister3m,Berserk*3,Berserk*4,Clannad*5,Demon Slayer*2,Horimiya*3,Spy x Family*5,No title*0,Tokyo Ravens*1,
whaugen7b,Durarara*3,Josee The Tiger and The Fish*3,Rakudai Kishi no Calvary*5,Tokyo Ravens*2,Violet Evergarden*3,
whigginbottamn1,Accel World*3,Dragon Ball*1,Gotoubun no Hanayome*3,Plastic Memories*1,ReLife*3,
widwalevansev,Black Clover*2,Dragon Ball*5,Fairy Tail*1,Kill la Kill*5,Noragami*2,
wjancy5v,Kimi ni Todoke*4,Pokemon*5,Tonari no Kaibutsu-kun*5,
wjedrychowski4t,Fly Me to The Moon*4,Guilty Crown*5,Josee The Tiger and The Fish*1,My Dress Up Darling*4,Oreagairu*4,Wonder Egg Priority*1,Yu-Gi-Oh*3,
wjevonsbz,Bakemonogatari*2,Jujutsu Kaisen*4,K-On*1,No Game No Life*2,Rent a Girlfriend*1,Tomodachi Game*3,
wkerbyrl,Classroom of The Elite*2,Darling in Franxx*5,Gotoubun no Hanayome*2,Jojo's Bizarre Adventure*5,Kill la Kill*2,Naruto*5,ReLife*3,Tokyo Revengers*3,
woclery1z,Blue Exorcist*2,Clannad*1,Detective Conan*2,Mieruko-Chan*2,No title*0,Spy x Family*5,Tonari no Kaibutsu-kun*3,No title*0,
wpetroselliab,Akame ga Kill*2,Charlotte*5,No title*0,Soul Eater*3,
wremirez3i,Akame ga Kill*2,Kill la Kill*4,Orange*4,Orange*4,Rent a Girlfriend*5,Rent a Girlfriend*5,Tsuki ga Kirei*5,
wrosenfeltfj,The Pet Girl of Sakurasou*2,
wstrangward9h,Attack On Titan*1,Boku no Hero Academia*3,Darker than Black*4,Re:Zero kara Hajimeru Isekai Seikatsu*5,Sword Art Online*1,No title*0,Toradora*1,
wsummerelllo,Berserk*3,Horimiya*1,Jujutsu Kaisen*5,Kill la Kill*1,No title*0,Spy x Family*4,Toradora*4,Wonder Egg Priority*5,
wthames4p,Gintama*4,Naruto*3,Orange*2,Pokemon*1,
wvarleybc,Anohana*4,Josee The Tiger and The Fish*1,Lucky Star*4,No title*0,No title*0,Psycho-Pass*3,
xkemwal6k,Assassination Classroom*2,Noragami*5,
xmenlove8n,Wonder Egg Priority*2,
xwilton74,Black Clover*4,ReLife*1,Tomodachi Game*2,Yu-Gi-Oh*2,
yizhakybk,Wolf Children*4,
ylorenzqy,Konosuba*4,Spy x Family*1,The Pet Girl of Sakurasou*4,
ypether6d,Assassination Classroom*5,Darker than Black*1,Horimiya*5,I Want to Eat Your Pancreas*4,
zburnapp5a,Charlotte*3,Darling in Franxx*2,Koe no Katachi: A Silent Voice*2,One Punch Man*1,Wonder Egg Priority*4,
zcenterqr,Boku no Hero Academia*2,Tokyo Ravens*1,No title*0,White Album 2*4,
zgianellimp,Attack On Titan*4,
zharradencefz,Akagami ga Shirayuki Hime*1,Detective Conan*5,Golden Time*2,K-On*4,Pokemon*5,Wonder Egg Priority*4,
zscirmane9,Ao Haru Ride*3,Durarara*3,Date a Live*1,Date a Live*1,No title*0,White Album 2*4,
